{
    "UrlLocal": "england_epl/2015-2016/2015-08-29 - 17-00 Chelsea 1 - 2 Crystal Palace/",
    "UrlYoutube": "",
    "annotations": [
        {
            "gameTime": "1 - 00:00",
            "label": "Kick-off",
            "position": "37",
            "team": "away",
            "visibility": "not shown"
        },
        {
            "gameTime": "1 - 00:30",
            "label": "Ball out of play",
            "position": "30973",
            "team": "not applicable",
            "visibility": "visible"
        },
        {
            "gameTime": "1 - 00:54",
            "label": "Corner",
            "position": "54501",
            "team": "away",
            "visibility": "visible"
        },
        {
            "gameTime": "1 - 01:00",
            "label": "Ball out of play",
            "position": "60009",
            "team": "not applicable",
            "visibility": "visible"
        },
        {
            "gameTime": "1 - 01:24",
            "label": "Corner",
            "position": "84999",
            "team": "away",
            "visibility": "visible"
        },
        {
            "gameTime": "1 - 01:33",
            "label": "Offside",
            "position": "93125",
            "team": "away",
            "visibility": "visible"
        },
        {
            "gameTime": "1 - 01:43",
            "label": "Indirect free-kick",
            "position": "103347",
            "team": "home",
            "visibility": "not shown"
        },
        {
            "gameTime": "1 - 02:20",
            "label": "Foul",
            "position": "140599",
            "team": "away",
            "visibility": "visible"
        },
        {
            "gameTime": "1 - 02:33",
            "label": "Indirect free-kick",
            "position": "153506",
            "team": "home",
            "visibility": "not shown"
        },
        {
            "gameTime": "1 - 03:41",
            "label": "Shots on target",
            "position": "221233",
            "team": "home",
            "visibility": "visible"
        },
        {
            "gameTime": "1 - 03:45",
            "label": "Shots off target",
            "position": "225308",
            "team": "home",
            "visibility": "visible"
        },
        {
            "gameTime": "1 - 03:46",
            "label": "Ball out of play",
            "position": "226186",
            "team": "not applicable",
            "visibility": "visible"
        },
        {
            "gameTime": "1 - 04:15",
            "label": "Clearance",
            "position": "255826",
            "team": "away",
            "visibility": "visible"
        },
        {
            "gameTime": "1 - 04:39",
            "label": "Ball out of play",
            "position": "279169",
            "team": "not applicable",
            "visibility": "visible"
        },
        {
            "gameTime": "1 - 04:40",
            "label": "Throw-in",
            "position": "280456",
            "team": "away",
            "visibility": "visible"
        },
        {
            "gameTime": "1 - 04:52",
            "label": "Ball out of play",
            "position": "292186",
            "team": "not applicable",
            "visibility": "visible"
        },
        {
            "gameTime": "1 - 05:14",
            "label": "Clearance",
            "position": "314861",
            "team": "home",
            "visibility": "not shown"
        },
        {
            "gameTime": "1 - 05:29",
            "label": "Ball out of play",
            "position": "329408",
            "team": "not applicable",
            "visibility": "visible"
        },
        {
            "gameTime": "1 - 05:37",
            "label": "Throw-in",
            "position": "337067",
            "team": "away",
            "visibility": "not shown"
        },
        {
            "gameTime": "1 - 05:58",
            "label": "Ball out of play",
            "position": "358627",
            "team": "not applicable",
            "visibility": "visible"
        },
        {
            "gameTime": "1 - 06:28",
            "label": "Corner",
            "position": "388062",
            "team": "away",
            "visibility": "visible"
        },
        {
            "gameTime": "1 - 06:35",
            "label": "Ball out of play",
            "position": "395694",
            "team": "not applicable",
            "visibility": "visible"
        },
        {
            "gameTime": "1 - 06:41",
            "label": "Throw-in",
            "position": "401559",
            "team": "away",
            "visibility": "not shown"
        },
        {
            "gameTime": "1 - 07:10",
            "label": "Foul",
            "position": "430036",
            "team": "away",
            "visibility": "visible"
        },
        {
            "gameTime": "1 - 07:28",
            "label": "Indirect free-kick",
            "position": "448114",
            "team": "home",
            "visibility": "visible"
        },
        {
            "gameTime": "1 - 08:02",
            "label": "Foul",
            "position": "482156",
            "team": "home",
            "visibility": "visible"
        },
        {
            "gameTime": "1 - 08:41",
            "label": "Indirect free-kick",
            "position": "521992",
            "team": "away",
            "visibility": "visible"
        },
        {
            "gameTime": "1 - 12:25",
            "label": "Shots on target",
            "position": "745434",
            "team": "home",
            "visibility": "visible"
        },
        {
            "gameTime": "1 - 12:50",
            "label": "Foul",
            "position": "770099",
            "team": "home",
            "visibility": "visible"
        },
        {
            "gameTime": "1 - 13:19",
            "label": "Indirect free-kick",
            "position": "799757",
            "team": "away",
            "visibility": "visible"
        },
        {
            "gameTime": "1 - 13:44",
            "label": "Ball out of play",
            "position": "824255",
            "team": "not applicable",
            "visibility": "visible"
        },
        {
            "gameTime": "1 - 13:55",
            "label": "Throw-in",
            "position": "835305",
            "team": "home",
            "visibility": "visible"
        },
        {
            "gameTime": "1 - 14:03",
            "label": "Shots off target",
            "position": "843353",
            "team": "home",
            "visibility": "visible"
        },
        {
            "gameTime": "1 - 14:04",
            "label": "Ball out of play",
            "position": "844126",
            "team": "not applicable",
            "visibility": "visible"
        },
        {
            "gameTime": "1 - 14:27",
            "label": "Clearance",
            "position": "867115",
            "team": "away",
            "visibility": "not shown"
        },
        {
            "gameTime": "1 - 15:11",
            "label": "Ball out of play",
            "position": "911124",
            "team": "not applicable",
            "visibility": "visible"
        },
        {
            "gameTime": "1 - 15:27",
            "label": "Throw-in",
            "position": "927255",
            "team": "home",
            "visibility": "visible"
        },
        {
            "gameTime": "1 - 15:45",
            "label": "Ball out of play",
            "position": "945724",
            "team": "not applicable",
            "visibility": "visible"
        },
        {
            "gameTime": "1 - 15:57",
            "label": "Throw-in",
            "position": "957906",
            "team": "home",
            "visibility": "visible"
        },
        {
            "gameTime": "1 - 17:19",
            "label": "Ball out of play",
            "position": "1039613",
            "team": "not applicable",
            "visibility": "visible"
        },
        {
            "gameTime": "1 - 17:33",
            "label": "Throw-in",
            "position": "1053339",
            "team": "away",
            "visibility": "visible"
        },
        {
            "gameTime": "1 - 17:50",
            "label": "Ball out of play",
            "position": "1070573",
            "team": "not applicable",
            "visibility": "visible"
        },
        {
            "gameTime": "1 - 17:59",
            "label": "Throw-in",
            "position": "1079684",
            "team": "away",
            "visibility": "visible"
        },
        {
            "gameTime": "1 - 18:52",
            "label": "Shots off target",
            "position": "1132984",
            "team": "home",
            "visibility": "visible"
        },
        {
            "gameTime": "1 - 18:53",
            "label": "Ball out of play",
            "position": "1133984",
            "team": "not applicable",
            "visibility": "visible"
        },
        {
            "gameTime": "1 - 19:16",
            "label": "Clearance",
            "position": "1156882",
            "team": "away",
            "visibility": "not shown"
        },
        {
            "gameTime": "1 - 19:39",
            "label": "Ball out of play",
            "position": "1179817",
            "team": "not applicable",
            "visibility": "visible"
        },
        {
            "gameTime": "1 - 20:04",
            "label": "Corner",
            "position": "1204091",
            "team": "home",
            "visibility": "visible"
        },
        {
            "gameTime": "1 - 21:26",
            "label": "Ball out of play",
            "position": "1286315",
            "team": "not applicable",
            "visibility": "visible"
        },
        {
            "gameTime": "1 - 21:53",
            "label": "Corner",
            "position": "1313136",
            "team": "home",
            "visibility": "visible"
        },
        {
            "gameTime": "1 - 21:59",
            "label": "Foul",
            "position": "1319927",
            "team": "away",
            "visibility": "visible"
        },
        {
            "gameTime": "1 - 22:24",
            "label": "Indirect free-kick",
            "position": "1344720",
            "team": "home",
            "visibility": "visible"
        },
        {
            "gameTime": "1 - 22:27",
            "label": "Shots off target",
            "position": "1347258",
            "team": "home",
            "visibility": "visible"
        },
        {
            "gameTime": "1 - 22:27",
            "label": "Ball out of play",
            "position": "1347978",
            "team": "not applicable",
            "visibility": "visible"
        },
        {
            "gameTime": "1 - 22:51",
            "label": "Clearance",
            "position": "1371967",
            "team": "away",
            "visibility": "not shown"
        },
        {
            "gameTime": "1 - 23:01",
            "label": "Ball out of play",
            "position": "1381672",
            "team": "not applicable",
            "visibility": "visible"
        },
        {
            "gameTime": "1 - 23:04",
            "label": "Throw-in",
            "position": "1384553",
            "team": "home",
            "visibility": "visible"
        },
        {
            "gameTime": "1 - 24:16",
            "label": "Ball out of play",
            "position": "1456057",
            "team": "not applicable",
            "visibility": "not shown"
        },
        {
            "gameTime": "1 - 24:19",
            "label": "Throw-in",
            "position": "1459500",
            "team": "home",
            "visibility": "visible"
        },
        {
            "gameTime": "1 - 24:30",
            "label": "Shots on target",
            "position": "1470755",
            "team": "away",
            "visibility": "visible"
        },
        {
            "gameTime": "1 - 24:31",
            "label": "Ball out of play",
            "position": "1471395",
            "team": "not applicable",
            "visibility": "visible"
        },
        {
            "gameTime": "1 - 25:08",
            "label": "Corner",
            "position": "1508125",
            "team": "away",
            "visibility": "visible"
        },
        {
            "gameTime": "1 - 25:12",
            "label": "Shots off target",
            "position": "1512094",
            "team": "away",
            "visibility": "visible"
        },
        {
            "gameTime": "1 - 25:12",
            "label": "Ball out of play",
            "position": "1512894",
            "team": "not applicable",
            "visibility": "visible"
        },
        {
            "gameTime": "1 - 25:39",
            "label": "Clearance",
            "position": "1539846",
            "team": "home",
            "visibility": "not shown"
        },
        {
            "gameTime": "1 - 26:16",
            "label": "Ball out of play",
            "position": "1576477",
            "team": "not applicable",
            "visibility": "visible"
        },
        {
            "gameTime": "1 - 26:21",
            "label": "Throw-in",
            "position": "1581125",
            "team": "away",
            "visibility": "visible"
        },
        {
            "gameTime": "1 - 26:48",
            "label": "Ball out of play",
            "position": "1608483",
            "team": "not applicable",
            "visibility": "visible"
        },
        {
            "gameTime": "1 - 26:55",
            "label": "Throw-in",
            "position": "1615348",
            "team": "away",
            "visibility": "visible"
        },
        {
            "gameTime": "1 - 28:35",
            "label": "Shots on target",
            "position": "1715707",
            "team": "away",
            "visibility": "visible"
        },
        {
            "gameTime": "1 - 28:37",
            "label": "Shots on target",
            "position": "1717460",
            "team": "away",
            "visibility": "visible"
        },
        {
            "gameTime": "1 - 28:55",
            "label": "Offside",
            "position": "1735847",
            "team": "away",
            "visibility": "visible"
        },
        {
            "gameTime": "1 - 29:18",
            "label": "Indirect free-kick",
            "position": "1758775",
            "team": "home",
            "visibility": "not shown"
        },
        {
            "gameTime": "1 - 29:41",
            "label": "Foul",
            "position": "1781009",
            "team": "home",
            "visibility": "visible"
        },
        {
            "gameTime": "1 - 30:00",
            "label": "Indirect free-kick",
            "position": "1800762",
            "team": "away",
            "visibility": "not shown"
        },
        {
            "gameTime": "1 - 30:17",
            "label": "Shots off target",
            "position": "1817174",
            "team": "away",
            "visibility": "visible"
        },
        {
            "gameTime": "1 - 30:18",
            "label": "Ball out of play",
            "position": "1818426",
            "team": "not applicable",
            "visibility": "visible"
        },
        {
            "gameTime": "1 - 30:42",
            "label": "Clearance",
            "position": "1842875",
            "team": "home",
            "visibility": "visible"
        },
        {
            "gameTime": "1 - 31:38",
            "label": "Ball out of play",
            "position": "1898780",
            "team": "not applicable",
            "visibility": "visible"
        },
        {
            "gameTime": "1 - 32:02",
            "label": "Corner",
            "position": "1922229",
            "team": "home",
            "visibility": "visible"
        },
        {
            "gameTime": "1 - 32:03",
            "label": "Shots off target",
            "position": "1923570",
            "team": "home",
            "visibility": "visible"
        },
        {
            "gameTime": "1 - 32:04",
            "label": "Ball out of play",
            "position": "1924970",
            "team": "not applicable",
            "visibility": "visible"
        },
        {
            "gameTime": "1 - 32:28",
            "label": "Clearance",
            "position": "1948152",
            "team": "away",
            "visibility": "visible"
        },
        {
            "gameTime": "1 - 33:18",
            "label": "Shots off target",
            "position": "1998073",
            "team": "home",
            "visibility": "visible"
        },
        {
            "gameTime": "1 - 33:18",
            "label": "Ball out of play",
            "position": "1998993",
            "team": "not applicable",
            "visibility": "visible"
        },
        {
            "gameTime": "1 - 33:51",
            "label": "Clearance",
            "position": "2031280",
            "team": "away",
            "visibility": "visible"
        },
        {
            "gameTime": "1 - 34:04",
            "label": "Foul",
            "position": "2044491",
            "team": "away",
            "visibility": "visible"
        },
        {
            "gameTime": "1 - 34:16",
            "label": "Indirect free-kick",
            "position": "2056069",
            "team": "home",
            "visibility": "visible"
        },
        {
            "gameTime": "1 - 35:22",
            "label": "Ball out of play",
            "position": "2122626",
            "team": "not applicable",
            "visibility": "visible"
        },
        {
            "gameTime": "1 - 35:42",
            "label": "Corner",
            "position": "2142825",
            "team": "home",
            "visibility": "visible"
        },
        {
            "gameTime": "1 - 35:46",
            "label": "Shots on target",
            "position": "2146487",
            "team": "home",
            "visibility": "visible"
        },
        {
            "gameTime": "1 - 36:55",
            "label": "Foul",
            "position": "2215470",
            "team": "home",
            "visibility": "visible"
        },
        {
            "gameTime": "1 - 37:29",
            "label": "Clearance",
            "position": "2249604",
            "team": "away",
            "visibility": "visible"
        },
        {
            "gameTime": "1 - 39:00",
            "label": "Ball out of play",
            "position": "2340276",
            "team": "not applicable",
            "visibility": "visible"
        },
        {
            "gameTime": "1 - 39:27",
            "label": "Clearance",
            "position": "2367067",
            "team": "away",
            "visibility": "not shown"
        },
        {
            "gameTime": "1 - 40:21",
            "label": "Ball out of play",
            "position": "2421274",
            "team": "not applicable",
            "visibility": "visible"
        },
        {
            "gameTime": "1 - 40:53",
            "label": "Corner",
            "position": "2453375",
            "team": "away",
            "visibility": "visible"
        },
        {
            "gameTime": "1 - 41:16",
            "label": "Shots on target",
            "position": "2476097",
            "team": "home",
            "visibility": "visible"
        },
        {
            "gameTime": "1 - 41:17",
            "label": "Shots on target",
            "position": "2477899",
            "team": "home",
            "visibility": "visible"
        },
        {
            "gameTime": "1 - 42:51",
            "label": "Shots on target",
            "position": "2571261",
            "team": "home",
            "visibility": "visible"
        },
        {
            "gameTime": "1 - 44:16",
            "label": "Ball out of play",
            "position": "2656770",
            "team": "not applicable",
            "visibility": "visible"
        },
        {
            "gameTime": "1 - 44:28",
            "label": "Throw-in",
            "position": "2668993",
            "team": "home",
            "visibility": "not shown"
        },
        {
            "gameTime": "2 - 00:00",
            "label": "Kick-off",
            "position": "32",
            "team": "home",
            "visibility": "not shown"
        },
        {
            "gameTime": "2 - 00:36",
            "label": "Foul",
            "position": "36103",
            "team": "home",
            "visibility": "visible"
        },
        {
            "gameTime": "2 - 01:00",
            "label": "Indirect free-kick",
            "position": "60429",
            "team": "away",
            "visibility": "not shown"
        },
        {
            "gameTime": "2 - 01:04",
            "label": "Ball out of play",
            "position": "64361",
            "team": "not applicable",
            "visibility": "visible"
        },
        {
            "gameTime": "2 - 01:24",
            "label": "Clearance",
            "position": "84334",
            "team": "home",
            "visibility": "visible"
        },
        {
            "gameTime": "2 - 01:39",
            "label": "Ball out of play",
            "position": "99534",
            "team": "not applicable",
            "visibility": "visible"
        },
        {
            "gameTime": "2 - 01:51",
            "label": "Throw-in",
            "position": "111170",
            "team": "away",
            "visibility": "visible"
        },
        {
            "gameTime": "2 - 01:53",
            "label": "Ball out of play",
            "position": "113183",
            "team": "not applicable",
            "visibility": "visible"
        },
        {
            "gameTime": "2 - 01:56",
            "label": "Throw-in",
            "position": "116761",
            "team": "home",
            "visibility": "not shown"
        },
        {
            "gameTime": "2 - 02:05",
            "label": "Ball out of play",
            "position": "125402",
            "team": "not applicable",
            "visibility": "visible"
        },
        {
            "gameTime": "2 - 02:11",
            "label": "Throw-in",
            "position": "131950",
            "team": "home",
            "visibility": "visible"
        },
        {
            "gameTime": "2 - 02:54",
            "label": "Ball out of play",
            "position": "174190",
            "team": "not applicable",
            "visibility": "visible"
        },
        {
            "gameTime": "2 - 02:57",
            "label": "Throw-in",
            "position": "177856",
            "team": "away",
            "visibility": "visible"
        },
        {
            "gameTime": "2 - 03:28",
            "label": "Ball out of play",
            "position": "208847",
            "team": "not applicable",
            "visibility": "visible"
        },
        {
            "gameTime": "2 - 03:37",
            "label": "Throw-in",
            "position": "217103",
            "team": "away",
            "visibility": "visible"
        },
        {
            "gameTime": "2 - 03:56",
            "label": "Foul",
            "position": "236766",
            "team": "away",
            "visibility": "visible"
        },
        {
            "gameTime": "2 - 04:05",
            "label": "Indirect free-kick",
            "position": "245074",
            "team": "home",
            "visibility": "visible"
        },
        {
            "gameTime": "2 - 04:40",
            "label": "Ball out of play",
            "position": "280854",
            "team": "not applicable",
            "visibility": "visible"
        },
        {
            "gameTime": "2 - 05:01",
            "label": "Clearance",
            "position": "301258",
            "team": "away",
            "visibility": "not shown"
        },
        {
            "gameTime": "2 - 05:13",
            "label": "Ball out of play",
            "position": "313696",
            "team": "not applicable",
            "visibility": "visible"
        },
        {
            "gameTime": "2 - 05:37",
            "label": "Corner",
            "position": "337767",
            "team": "home",
            "visibility": "visible"
        },
        {
            "gameTime": "2 - 07:05",
            "label": "Shots on target",
            "position": "425681",
            "team": "away",
            "visibility": "visible"
        },
        {
            "gameTime": "2 - 07:42",
            "label": "Foul",
            "position": "462309",
            "team": "away",
            "visibility": "visible"
        },
        {
            "gameTime": "2 - 08:00",
            "label": "Indirect free-kick",
            "position": "480493",
            "team": "home",
            "visibility": "not shown"
        },
        {
            "gameTime": "2 - 09:24",
            "label": "Shots on target",
            "position": "564054",
            "team": "away",
            "visibility": "visible"
        },
        {
            "gameTime": "2 - 09:29",
            "label": "Ball out of play",
            "position": "569586",
            "team": "not applicable",
            "visibility": "visible"
        },
        {
            "gameTime": "2 - 09:55",
            "label": "Substitution",
            "position": "595680",
            "team": "away",
            "visibility": "visible"
        },
        {
            "gameTime": "2 - 10:06",
            "label": "Throw-in",
            "position": "606803",
            "team": "away",
            "visibility": "not shown"
        },
        {
            "gameTime": "2 - 10:09",
            "label": "Ball out of play",
            "position": "609687",
            "team": "not applicable",
            "visibility": "visible"
        },
        {
            "gameTime": "2 - 10:34",
            "label": "Corner",
            "position": "634441",
            "team": "away",
            "visibility": "visible"
        },
        {
            "gameTime": "2 - 10:44",
            "label": "Ball out of play",
            "position": "644880",
            "team": "not applicable",
            "visibility": "not shown"
        },
        {
            "gameTime": "2 - 11:04",
            "label": "Throw-in",
            "position": "664751",
            "team": "home",
            "visibility": "visible"
        },
        {
            "gameTime": "2 - 11:06",
            "label": "Foul",
            "position": "666399",
            "team": "away",
            "visibility": "visible"
        },
        {
            "gameTime": "2 - 11:27",
            "label": "Indirect free-kick",
            "position": "687895",
            "team": "home",
            "visibility": "visible"
        },
        {
            "gameTime": "2 - 11:40",
            "label": "Shots off target",
            "position": "700452",
            "team": "home",
            "visibility": "visible"
        },
        {
            "gameTime": "2 - 11:49",
            "label": "Corner",
            "position": "709467",
            "team": "home",
            "visibility": "visible"
        },
        {
            "gameTime": "2 - 12:11",
            "label": "Ball out of play",
            "position": "731158",
            "team": "not applicable",
            "visibility": "visible"
        },
        {
            "gameTime": "2 - 12:36",
            "label": "Throw-in",
            "position": "756583",
            "team": "away",
            "visibility": "visible"
        },
        {
            "gameTime": "2 - 12:40",
            "label": "Ball out of play",
            "position": "760372",
            "team": "not applicable",
            "visibility": "visible"
        },
        {
            "gameTime": "2 - 12:50",
            "label": "Throw-in",
            "position": "770742",
            "team": "away",
            "visibility": "visible"
        },
        {
            "gameTime": "2 - 13:12",
            "label": "Foul",
            "position": "792439",
            "team": "away",
            "visibility": "visible"
        },
        {
            "gameTime": "2 - 13:50",
            "label": "Direct free-kick",
            "position": "830744",
            "team": "home",
            "visibility": "visible"
        },
        {
            "gameTime": "2 - 14:05",
            "label": "Foul",
            "position": "845163",
            "team": "away",
            "visibility": "visible"
        },
        {
            "gameTime": "2 - 14:34",
            "label": "Direct free-kick",
            "position": "874053",
            "team": "home",
            "visibility": "visible"
        },
        {
            "gameTime": "2 - 14:37",
            "label": "Ball out of play",
            "position": "877540",
            "team": "not applicable",
            "visibility": "visible"
        },
        {
            "gameTime": "2 - 14:57",
            "label": "Throw-in",
            "position": "897955",
            "team": "home",
            "visibility": "visible"
        },
        {
            "gameTime": "2 - 15:23",
            "label": "Foul",
            "position": "923472",
            "team": "away",
            "visibility": "visible"
        },
        {
            "gameTime": "2 - 16:05",
            "label": "Direct free-kick",
            "position": "965364",
            "team": "home",
            "visibility": "visible"
        },
        {
            "gameTime": "2 - 16:19",
            "label": "Shots on target",
            "position": "979089",
            "team": "home",
            "visibility": "visible"
        },
        {
            "gameTime": "2 - 16:20",
            "label": "Shots on target",
            "position": "980845",
            "team": "home",
            "visibility": "visible"
        },
        {
            "gameTime": "2 - 17:08",
            "label": "Ball out of play",
            "position": "1028954",
            "team": "not applicable",
            "visibility": "visible"
        },
        {
            "gameTime": "2 - 17:23",
            "label": "Throw-in",
            "position": "1043918",
            "team": "away",
            "visibility": "visible"
        },
        {
            "gameTime": "2 - 17:33",
            "label": "Ball out of play",
            "position": "1053960",
            "team": "not applicable",
            "visibility": "visible"
        },
        {
            "gameTime": "2 - 17:45",
            "label": "Throw-in",
            "position": "1065661",
            "team": "away",
            "visibility": "visible"
        },
        {
            "gameTime": "2 - 18:00",
            "label": "Shots on target",
            "position": "1080692",
            "team": "home",
            "visibility": "visible"
        },
        {
            "gameTime": "2 - 18:19",
            "label": "Corner",
            "position": "1099346",
            "team": "home",
            "visibility": "not shown"
        },
        {
            "gameTime": "2 - 19:32",
            "label": "Shots on target",
            "position": "1172977",
            "team": "away",
            "visibility": "visible"
        },
        {
            "gameTime": "2 - 19:33",
            "label": "Goal",
            "position": "1173280",
            "team": "away",
            "visibility": "visible"
        },
        {
            "gameTime": "2 - 20:47",
            "label": "Substitution",
            "position": "1247120",
            "team": "home",
            "visibility": "visible"
        },
        {
            "gameTime": "2 - 20:54",
            "label": "Kick-off",
            "position": "1254261",
            "team": "home",
            "visibility": "visible"
        },
        {
            "gameTime": "2 - 22:18",
            "label": "Ball out of play",
            "position": "1338083",
            "team": "not applicable",
            "visibility": "visible"
        },
        {
            "gameTime": "2 - 22:40",
            "label": "Substitution",
            "position": "1360864",
            "team": "home",
            "visibility": "not shown"
        },
        {
            "gameTime": "2 - 22:46",
            "label": "Throw-in",
            "position": "1366144",
            "team": "away",
            "visibility": "not shown"
        },
        {
            "gameTime": "2 - 23:35",
            "label": "Shots off target",
            "position": "1415285",
            "team": "away",
            "visibility": "visible"
        },
        {
            "gameTime": "2 - 23:36",
            "label": "Ball out of play",
            "position": "1416565",
            "team": "not applicable",
            "visibility": "visible"
        },
        {
            "gameTime": "2 - 23:57",
            "label": "Clearance",
            "position": "1437471",
            "team": "home",
            "visibility": "not shown"
        },
        {
            "gameTime": "2 - 24:08",
            "label": "Ball out of play",
            "position": "1448179",
            "team": "not applicable",
            "visibility": "visible"
        },
        {
            "gameTime": "2 - 24:12",
            "label": "Throw-in",
            "position": "1452939",
            "team": "home",
            "visibility": "not shown"
        },
        {
            "gameTime": "2 - 24:42",
            "label": "Shots off target",
            "position": "1482194",
            "team": "home",
            "visibility": "visible"
        },
        {
            "gameTime": "2 - 24:42",
            "label": "Ball out of play",
            "position": "1482874",
            "team": "not applicable",
            "visibility": "visible"
        },
        {
            "gameTime": "2 - 25:15",
            "label": "Clearance",
            "position": "1515073",
            "team": "away",
            "visibility": "not shown"
        },
        {
            "gameTime": "2 - 25:29",
            "label": "Foul",
            "position": "1529107",
            "team": "home",
            "visibility": "visible"
        },
        {
            "gameTime": "2 - 25:44",
            "label": "Yellow card",
            "position": "1544160",
            "team": "home",
            "visibility": "visible"
        },
        {
            "gameTime": "2 - 26:37",
            "label": "Direct free-kick",
            "position": "1597932",
            "team": "away",
            "visibility": "visible"
        },
        {
            "gameTime": "2 - 26:58",
            "label": "Ball out of play",
            "position": "1618706",
            "team": "not applicable",
            "visibility": "visible"
        },
        {
            "gameTime": "2 - 27:05",
            "label": "Yellow card",
            "position": "1625480",
            "team": "away",
            "visibility": "visible"
        },
        {
            "gameTime": "2 - 27:21",
            "label": "Substitution",
            "position": "1641360",
            "team": "home",
            "visibility": "visible"
        },
        {
            "gameTime": "2 - 27:47",
            "label": "Throw-in",
            "position": "1667693",
            "team": "away",
            "visibility": "visible"
        },
        {
            "gameTime": "2 - 28:12",
            "label": "Shots off target",
            "position": "1692132",
            "team": "away",
            "visibility": "visible"
        },
        {
            "gameTime": "2 - 28:12",
            "label": "Ball out of play",
            "position": "1692332",
            "team": "not applicable",
            "visibility": "visible"
        },
        {
            "gameTime": "2 - 28:34",
            "label": "Clearance",
            "position": "1714901",
            "team": "home",
            "visibility": "not shown"
        },
        {
            "gameTime": "2 - 28:41",
            "label": "Foul",
            "position": "1721300",
            "team": "away",
            "visibility": "visible"
        },
        {
            "gameTime": "2 - 29:00",
            "label": "Indirect free-kick",
            "position": "1740559",
            "team": "home",
            "visibility": "visible"
        },
        {
            "gameTime": "2 - 29:14",
            "label": "Ball out of play",
            "position": "1754634",
            "team": "not applicable",
            "visibility": "visible"
        },
        {
            "gameTime": "2 - 29:25",
            "label": "Throw-in",
            "position": "1765943",
            "team": "away",
            "visibility": "visible"
        },
        {
            "gameTime": "2 - 29:48",
            "label": "Shots off target",
            "position": "1788262",
            "team": "away",
            "visibility": "visible"
        },
        {
            "gameTime": "2 - 29:49",
            "label": "Ball out of play",
            "position": "1789022",
            "team": "not applicable",
            "visibility": "visible"
        },
        {
            "gameTime": "2 - 30:07",
            "label": "Clearance",
            "position": "1807620",
            "team": "home",
            "visibility": "not shown"
        },
        {
            "gameTime": "2 - 30:17",
            "label": "Ball out of play",
            "position": "1817150",
            "team": "not applicable",
            "visibility": "visible"
        },
        {
            "gameTime": "2 - 30:39",
            "label": "Throw-in",
            "position": "1839668",
            "team": "away",
            "visibility": "visible"
        },
        {
            "gameTime": "2 - 31:01",
            "label": "Ball out of play",
            "position": "1861147",
            "team": "not applicable",
            "visibility": "visible"
        },
        {
            "gameTime": "2 - 31:16",
            "label": "Throw-in",
            "position": "1876980",
            "team": "away",
            "visibility": "visible"
        },
        {
            "gameTime": "2 - 31:35",
            "label": "Ball out of play",
            "position": "1895944",
            "team": "not applicable",
            "visibility": "visible"
        },
        {
            "gameTime": "2 - 32:14",
            "label": "Corner",
            "position": "1934365",
            "team": "away",
            "visibility": "visible"
        },
        {
            "gameTime": "2 - 32:37",
            "label": "Foul",
            "position": "1957538",
            "team": "home",
            "visibility": "not shown"
        },
        {
            "gameTime": "2 - 33:04",
            "label": "Indirect free-kick",
            "position": "1984124",
            "team": "away",
            "visibility": "visible"
        },
        {
            "gameTime": "2 - 33:41",
            "label": "Shots on target",
            "position": "2021903",
            "team": "home",
            "visibility": "visible"
        },
        {
            "gameTime": "2 - 33:42",
            "label": "Goal",
            "position": "2022320",
            "team": "home",
            "visibility": "visible"
        },
        {
            "gameTime": "2 - 34:30",
            "label": "Kick-off",
            "position": "2070817",
            "team": "away",
            "visibility": "not shown"
        },
        {
            "gameTime": "2 - 34:35",
            "label": "Ball out of play",
            "position": "2075834",
            "team": "not applicable",
            "visibility": "visible"
        },
        {
            "gameTime": "2 - 34:44",
            "label": "Throw-in",
            "position": "2084194",
            "team": "away",
            "visibility": "visible"
        },
        {
            "gameTime": "2 - 35:29",
            "label": "Shots on target",
            "position": "2129453",
            "team": "away",
            "visibility": "visible"
        },
        {
            "gameTime": "2 - 35:30",
            "label": "Goal",
            "position": "2130080",
            "team": "away",
            "visibility": "visible"
        },
        {
            "gameTime": "2 - 36:37",
            "label": "Substitution",
            "position": "2197240",
            "team": "away",
            "visibility": "visible"
        },
        {
            "gameTime": "2 - 36:47",
            "label": "Kick-off",
            "position": "2207964",
            "team": "home",
            "visibility": "visible"
        },
        {
            "gameTime": "2 - 37:15",
            "label": "Foul",
            "position": "2235656",
            "team": "away",
            "visibility": "visible"
        },
        {
            "gameTime": "2 - 37:36",
            "label": "Indirect free-kick",
            "position": "2256442",
            "team": "home",
            "visibility": "visible"
        },
        {
            "gameTime": "2 - 37:40",
            "label": "Ball out of play",
            "position": "2260149",
            "team": "not applicable",
            "visibility": "visible"
        },
        {
            "gameTime": "2 - 38:32",
            "label": "Substitution",
            "position": "2312262",
            "team": "away",
            "visibility": "visible"
        },
        {
            "gameTime": "2 - 38:43",
            "label": "Clearance",
            "position": "2323746",
            "team": "away",
            "visibility": "visible"
        },
        {
            "gameTime": "2 - 38:47",
            "label": "Foul",
            "position": "2327369",
            "team": "away",
            "visibility": "visible"
        },
        {
            "gameTime": "2 - 38:53",
            "label": "Indirect free-kick",
            "position": "2333291",
            "team": "home",
            "visibility": "visible"
        },
        {
            "gameTime": "2 - 39:08",
            "label": "Shots on target",
            "position": "2348902",
            "team": "home",
            "visibility": "visible"
        },
        {
            "gameTime": "2 - 39:52",
            "label": "Shots on target",
            "position": "2392690",
            "team": "home",
            "visibility": "visible"
        },
        {
            "gameTime": "2 - 40:33",
            "label": "Ball out of play",
            "position": "2433616",
            "team": "not applicable",
            "visibility": "not shown"
        },
        {
            "gameTime": "2 - 40:56",
            "label": "Throw-in",
            "position": "2456670",
            "team": "away",
            "visibility": "visible"
        },
        {
            "gameTime": "2 - 41:41",
            "label": "Ball out of play",
            "position": "2501690",
            "team": "not applicable",
            "visibility": "visible"
        },
        {
            "gameTime": "2 - 41:59",
            "label": "Throw-in",
            "position": "2519888",
            "team": "away",
            "visibility": "visible"
        },
        {
            "gameTime": "2 - 42:08",
            "label": "Ball out of play",
            "position": "2528504",
            "team": "not applicable",
            "visibility": "visible"
        },
        {
            "gameTime": "2 - 42:14",
            "label": "Throw-in",
            "position": "2534134",
            "team": "home",
            "visibility": "visible"
        },
        {
            "gameTime": "2 - 42:30",
            "label": "Shots off target",
            "position": "2550215",
            "team": "home",
            "visibility": "visible"
        },
        {
            "gameTime": "2 - 42:52",
            "label": "Ball out of play",
            "position": "2572215",
            "team": "not applicable",
            "visibility": "visible"
        },
        {
            "gameTime": "2 - 43:14",
            "label": "Throw-in",
            "position": "2594395",
            "team": "away",
            "visibility": "visible"
        },
        {
            "gameTime": "2 - 43:22",
            "label": "Foul",
            "position": "2602218",
            "team": "away",
            "visibility": "visible"
        },
        {
            "gameTime": "2 - 43:41",
            "label": "Indirect free-kick",
            "position": "2621854",
            "team": "home",
            "visibility": "visible"
        },
        {
            "gameTime": "2 - 43:45",
            "label": "Shots off target",
            "position": "2625717",
            "team": "home",
            "visibility": "visible"
        },
        {
            "gameTime": "2 - 43:47",
            "label": "Shots on target",
            "position": "2627178",
            "team": "home",
            "visibility": "visible"
        },
        {
            "gameTime": "2 - 43:49",
            "label": "Ball out of play",
            "position": "2629297",
            "team": "not applicable",
            "visibility": "visible"
        },
        {
            "gameTime": "2 - 44:18",
            "label": "Clearance",
            "position": "2658371",
            "team": "away",
            "visibility": "visible"
        },
        {
            "gameTime": "2 - 44:51",
            "label": "Shots on target",
            "position": "2691253",
            "team": "home",
            "visibility": "visible"
        },
        {
            "gameTime": "2 - 44:56",
            "label": "Foul",
            "position": "2696838",
            "team": "away",
            "visibility": "visible"
        }
    ],
    "gameAwayTeam": "Crystal Palace",
    "gameDate": "29/08/2015 - 17:00",
    "gameHomeTeam": "Chelsea",
    "gameScore": "1 - 2"
}