{
    "UrlLocal": "england_epl/2014-2015/2015-02-21 - 18-00 Crystal Palace 1 - 2 Arsenal/",
    "UrlYoutube": "",
    "annotations": [
        {
            "gameTime": "1 - 00:00",
            "label": "Kick-off",
            "position": "0",
            "team": "away",
            "visibility": "visible"
        },
        {
            "gameTime": "1 - 00:19",
            "label": "Ball out of play",
            "position": "19192",
            "team": "not applicable",
            "visibility": "visible"
        },
        {
            "gameTime": "1 - 00:33",
            "label": "Throw-in",
            "position": "33487",
            "team": "home",
            "visibility": "not shown"
        },
        {
            "gameTime": "1 - 00:36",
            "label": "Ball out of play",
            "position": "36795",
            "team": "not applicable",
            "visibility": "visible"
        },
        {
            "gameTime": "1 - 00:47",
            "label": "Throw-in",
            "position": "47415",
            "team": "away",
            "visibility": "visible"
        },
        {
            "gameTime": "1 - 01:04",
            "label": "Ball out of play",
            "position": "64134",
            "team": "not applicable",
            "visibility": "visible"
        },
        {
            "gameTime": "1 - 01:19",
            "label": "Throw-in",
            "position": "79888",
            "team": "home",
            "visibility": "visible"
        },
        {
            "gameTime": "1 - 01:46",
            "label": "Ball out of play",
            "position": "106379",
            "team": "not applicable",
            "visibility": "visible"
        },
        {
            "gameTime": "1 - 02:00",
            "label": "Throw-in",
            "position": "120400",
            "team": "away",
            "visibility": "visible"
        },
        {
            "gameTime": "1 - 02:47",
            "label": "Offside",
            "position": "167221",
            "team": "away",
            "visibility": "visible"
        },
        {
            "gameTime": "1 - 03:29",
            "label": "Ball out of play",
            "position": "209229",
            "team": "not applicable",
            "visibility": "visible"
        },
        {
            "gameTime": "1 - 03:39",
            "label": "Throw-in",
            "position": "219923",
            "team": "home",
            "visibility": "visible"
        },
        {
            "gameTime": "1 - 03:44",
            "label": "Foul",
            "position": "224572",
            "team": "away",
            "visibility": "visible"
        },
        {
            "gameTime": "1 - 04:26",
            "label": "Indirect free-kick",
            "position": "266066",
            "team": "home",
            "visibility": "visible"
        },
        {
            "gameTime": "1 - 04:33",
            "label": "Shots off target",
            "position": "273949",
            "team": "home",
            "visibility": "visible"
        },
        {
            "gameTime": "1 - 04:53",
            "label": "Throw-in",
            "position": "293454",
            "team": "away",
            "visibility": "not shown"
        },
        {
            "gameTime": "1 - 05:02",
            "label": "Ball out of play",
            "position": "302745",
            "team": "not applicable",
            "visibility": "visible"
        },
        {
            "gameTime": "1 - 05:12",
            "label": "Throw-in",
            "position": "312195",
            "team": "home",
            "visibility": "visible"
        },
        {
            "gameTime": "1 - 05:21",
            "label": "Foul",
            "position": "321660",
            "team": "home",
            "visibility": "visible"
        },
        {
            "gameTime": "1 - 06:19",
            "label": "Foul",
            "position": "379202",
            "team": "home",
            "visibility": "visible"
        },
        {
            "gameTime": "1 - 07:05",
            "label": "Penalty",
            "position": "425896",
            "team": "away",
            "visibility": "visible"
        },
        {
            "gameTime": "1 - 07:06",
            "label": "Goal",
            "position": "426646",
            "team": "away",
            "visibility": "visible"
        },
        {
            "gameTime": "1 - 07:49",
            "label": "Kick-off",
            "position": "469438",
            "team": "home",
            "visibility": "visible"
        },
        {
            "gameTime": "1 - 09:03",
            "label": "Ball out of play",
            "position": "543266",
            "team": "not applicable",
            "visibility": "visible"
        },
        {
            "gameTime": "1 - 09:28",
            "label": "Corner",
            "position": "568917",
            "team": "home",
            "visibility": "visible"
        },
        {
            "gameTime": "1 - 10:13",
            "label": "Foul",
            "position": "613484",
            "team": "away",
            "visibility": "visible"
        },
        {
            "gameTime": "1 - 10:55",
            "label": "Indirect free-kick",
            "position": "655112",
            "team": "home",
            "visibility": "visible"
        },
        {
            "gameTime": "1 - 11:22",
            "label": "Ball out of play",
            "position": "682332",
            "team": "not applicable",
            "visibility": "visible"
        },
        {
            "gameTime": "1 - 11:32",
            "label": "Throw-in",
            "position": "692582",
            "team": "away",
            "visibility": "not shown"
        },
        {
            "gameTime": "1 - 11:37",
            "label": "Ball out of play",
            "position": "697992",
            "team": "not applicable",
            "visibility": "visible"
        },
        {
            "gameTime": "1 - 11:46",
            "label": "Throw-in",
            "position": "706629",
            "team": "away",
            "visibility": "visible"
        },
        {
            "gameTime": "1 - 12:06",
            "label": "Ball out of play",
            "position": "726760",
            "team": "not applicable",
            "visibility": "visible"
        },
        {
            "gameTime": "1 - 12:37",
            "label": "Clearance",
            "position": "757365",
            "team": "away",
            "visibility": "visible"
        },
        {
            "gameTime": "1 - 13:02",
            "label": "Ball out of play",
            "position": "782989",
            "team": "not applicable",
            "visibility": "visible"
        },
        {
            "gameTime": "1 - 13:15",
            "label": "Throw-in",
            "position": "795338",
            "team": "home",
            "visibility": "visible"
        },
        {
            "gameTime": "1 - 14:00",
            "label": "Ball out of play",
            "position": "840523",
            "team": "not applicable",
            "visibility": "visible"
        },
        {
            "gameTime": "1 - 14:06",
            "label": "Throw-in",
            "position": "846278",
            "team": "home",
            "visibility": "visible"
        },
        {
            "gameTime": "1 - 14:21",
            "label": "Ball out of play",
            "position": "861193",
            "team": "not applicable",
            "visibility": "visible"
        },
        {
            "gameTime": "1 - 14:48",
            "label": "Clearance",
            "position": "888208",
            "team": "away",
            "visibility": "not shown"
        },
        {
            "gameTime": "1 - 15:10",
            "label": "Ball out of play",
            "position": "910849",
            "team": "not applicable",
            "visibility": "visible"
        },
        {
            "gameTime": "1 - 15:22",
            "label": "Throw-in",
            "position": "922987",
            "team": "away",
            "visibility": "visible"
        },
        {
            "gameTime": "1 - 16:39",
            "label": "Ball out of play",
            "position": "999054",
            "team": "not applicable",
            "visibility": "visible"
        },
        {
            "gameTime": "1 - 16:43",
            "label": "Throw-in",
            "position": "1003752",
            "team": "home",
            "visibility": "visible"
        },
        {
            "gameTime": "1 - 17:24",
            "label": "Ball out of play",
            "position": "1044200",
            "team": "not applicable",
            "visibility": "visible"
        },
        {
            "gameTime": "1 - 17:47",
            "label": "Throw-in",
            "position": "1067978",
            "team": "home",
            "visibility": "visible"
        },
        {
            "gameTime": "1 - 18:29",
            "label": "Foul",
            "position": "1109028",
            "team": "home",
            "visibility": "visible"
        },
        {
            "gameTime": "1 - 18:34",
            "label": "Yellow card",
            "position": "1114081",
            "team": "home",
            "visibility": "visible"
        },
        {
            "gameTime": "1 - 19:21",
            "label": "Ball out of play",
            "position": "1161551",
            "team": "not applicable",
            "visibility": "visible"
        },
        {
            "gameTime": "1 - 19:37",
            "label": "Throw-in",
            "position": "1177110",
            "team": "away",
            "visibility": "not shown"
        },
        {
            "gameTime": "1 - 20:13",
            "label": "Ball out of play",
            "position": "1213036",
            "team": "not applicable",
            "visibility": "visible"
        },
        {
            "gameTime": "1 - 20:45",
            "label": "Corner",
            "position": "1245187",
            "team": "away",
            "visibility": "visible"
        },
        {
            "gameTime": "1 - 20:47",
            "label": "Shots off target",
            "position": "1247507",
            "team": "away",
            "visibility": "visible"
        },
        {
            "gameTime": "1 - 21:23",
            "label": "Clearance",
            "position": "1283179",
            "team": "home",
            "visibility": "visible"
        },
        {
            "gameTime": "1 - 21:41",
            "label": "Foul",
            "position": "1301318",
            "team": "away",
            "visibility": "visible"
        },
        {
            "gameTime": "1 - 22:03",
            "label": "Foul",
            "position": "1323360",
            "team": "home",
            "visibility": "visible"
        },
        {
            "gameTime": "1 - 22:36",
            "label": "Ball out of play",
            "position": "1356450",
            "team": "not applicable",
            "visibility": "visible"
        },
        {
            "gameTime": "1 - 22:47",
            "label": "Throw-in",
            "position": "1367543",
            "team": "away",
            "visibility": "visible"
        },
        {
            "gameTime": "1 - 23:22",
            "label": "Ball out of play",
            "position": "1402627",
            "team": "not applicable",
            "visibility": "visible"
        },
        {
            "gameTime": "1 - 23:30",
            "label": "Throw-in",
            "position": "1410295",
            "team": "away",
            "visibility": "visible"
        },
        {
            "gameTime": "1 - 23:59",
            "label": "Ball out of play",
            "position": "1439938",
            "team": "not applicable",
            "visibility": "visible"
        },
        {
            "gameTime": "1 - 24:32",
            "label": "Clearance",
            "position": "1472760",
            "team": "away",
            "visibility": "visible"
        },
        {
            "gameTime": "1 - 24:40",
            "label": "Ball out of play",
            "position": "1480016",
            "team": "not applicable",
            "visibility": "visible"
        },
        {
            "gameTime": "1 - 24:54",
            "label": "Throw-in",
            "position": "1494944",
            "team": "home",
            "visibility": "visible"
        },
        {
            "gameTime": "1 - 25:09",
            "label": "Ball out of play",
            "position": "1509282",
            "team": "not applicable",
            "visibility": "visible"
        },
        {
            "gameTime": "1 - 25:13",
            "label": "Throw-in",
            "position": "1513909",
            "team": "home",
            "visibility": "visible"
        },
        {
            "gameTime": "1 - 25:28",
            "label": "Foul",
            "position": "1528829",
            "team": "away",
            "visibility": "visible"
        },
        {
            "gameTime": "1 - 26:06",
            "label": "Direct free-kick",
            "position": "1566993",
            "team": "home",
            "visibility": "visible"
        },
        {
            "gameTime": "1 - 26:08",
            "label": "Ball out of play",
            "position": "1568329",
            "team": "not applicable",
            "visibility": "visible"
        },
        {
            "gameTime": "1 - 26:38",
            "label": "Clearance",
            "position": "1598581",
            "team": "away",
            "visibility": "not shown"
        },
        {
            "gameTime": "1 - 26:54",
            "label": "Foul",
            "position": "1614148",
            "team": "home",
            "visibility": "visible"
        },
        {
            "gameTime": "1 - 27:39",
            "label": "Foul",
            "position": "1659709",
            "team": "away",
            "visibility": "visible"
        },
        {
            "gameTime": "1 - 27:44",
            "label": "Yellow card",
            "position": "1664885",
            "team": "away",
            "visibility": "visible"
        },
        {
            "gameTime": "1 - 28:17",
            "label": "Direct free-kick",
            "position": "1697648",
            "team": "home",
            "visibility": "visible"
        },
        {
            "gameTime": "1 - 28:53",
            "label": "Ball out of play",
            "position": "1733851",
            "team": "not applicable",
            "visibility": "visible"
        },
        {
            "gameTime": "1 - 28:58",
            "label": "Throw-in",
            "position": "1738922",
            "team": "home",
            "visibility": "visible"
        },
        {
            "gameTime": "1 - 29:07",
            "label": "Ball out of play",
            "position": "1747895",
            "team": "not applicable",
            "visibility": "visible"
        },
        {
            "gameTime": "1 - 29:21",
            "label": "Throw-in",
            "position": "1761604",
            "team": "away",
            "visibility": "visible"
        },
        {
            "gameTime": "1 - 30:01",
            "label": "Foul",
            "position": "1801087",
            "team": "away",
            "visibility": "visible"
        },
        {
            "gameTime": "1 - 31:36",
            "label": "Shots on target",
            "position": "1896693",
            "team": "away",
            "visibility": "visible"
        },
        {
            "gameTime": "1 - 31:50",
            "label": "Ball out of play",
            "position": "1910704",
            "team": "not applicable",
            "visibility": "visible"
        },
        {
            "gameTime": "1 - 32:04",
            "label": "Throw-in",
            "position": "1924551",
            "team": "home",
            "visibility": "not shown"
        },
        {
            "gameTime": "1 - 32:38",
            "label": "Offside",
            "position": "1958424",
            "team": "home",
            "visibility": "visible"
        },
        {
            "gameTime": "1 - 33:41",
            "label": "Foul",
            "position": "2021468",
            "team": "home",
            "visibility": "visible"
        },
        {
            "gameTime": "1 - 34:15",
            "label": "Ball out of play",
            "position": "2055672",
            "team": "not applicable",
            "visibility": "visible"
        },
        {
            "gameTime": "1 - 34:29",
            "label": "Throw-in",
            "position": "2069855",
            "team": "away",
            "visibility": "visible"
        },
        {
            "gameTime": "1 - 34:56",
            "label": "Ball out of play",
            "position": "2096032",
            "team": "not applicable",
            "visibility": "visible"
        },
        {
            "gameTime": "1 - 35:04",
            "label": "Throw-in",
            "position": "2104489",
            "team": "home",
            "visibility": "not shown"
        },
        {
            "gameTime": "1 - 35:24",
            "label": "Ball out of play",
            "position": "2124068",
            "team": "not applicable",
            "visibility": "visible"
        },
        {
            "gameTime": "1 - 35:35",
            "label": "Throw-in",
            "position": "2135182",
            "team": "away",
            "visibility": "not shown"
        },
        {
            "gameTime": "1 - 35:46",
            "label": "Foul",
            "position": "2146186",
            "team": "away",
            "visibility": "visible"
        },
        {
            "gameTime": "1 - 36:38",
            "label": "Foul",
            "position": "2198508",
            "team": "home",
            "visibility": "visible"
        },
        {
            "gameTime": "1 - 37:26",
            "label": "Indirect free-kick",
            "position": "2246366",
            "team": "away",
            "visibility": "visible"
        },
        {
            "gameTime": "1 - 37:51",
            "label": "Ball out of play",
            "position": "2271938",
            "team": "not applicable",
            "visibility": "visible"
        },
        {
            "gameTime": "1 - 38:01",
            "label": "Throw-in",
            "position": "2281442",
            "team": "home",
            "visibility": "visible"
        },
        {
            "gameTime": "1 - 39:21",
            "label": "Ball out of play",
            "position": "2361639",
            "team": "not applicable",
            "visibility": "visible"
        },
        {
            "gameTime": "1 - 39:31",
            "label": "Throw-in",
            "position": "2371008",
            "team": "away",
            "visibility": "visible"
        },
        {
            "gameTime": "1 - 39:33",
            "label": "Ball out of play",
            "position": "2373923",
            "team": "not applicable",
            "visibility": "visible"
        },
        {
            "gameTime": "1 - 39:48",
            "label": "Throw-in",
            "position": "2388475",
            "team": "away",
            "visibility": "not shown"
        },
        {
            "gameTime": "1 - 40:41",
            "label": "Offside",
            "position": "2441980",
            "team": "away",
            "visibility": "visible"
        },
        {
            "gameTime": "1 - 41:35",
            "label": "Ball out of play",
            "position": "2495625",
            "team": "not applicable",
            "visibility": "visible"
        },
        {
            "gameTime": "1 - 42:04",
            "label": "Corner",
            "position": "2524091",
            "team": "home",
            "visibility": "not shown"
        },
        {
            "gameTime": "1 - 42:36",
            "label": "Ball out of play",
            "position": "2556143",
            "team": "not applicable",
            "visibility": "visible"
        },
        {
            "gameTime": "1 - 42:55",
            "label": "Throw-in",
            "position": "2575870",
            "team": "away",
            "visibility": "visible"
        },
        {
            "gameTime": "1 - 43:06",
            "label": "Ball out of play",
            "position": "2586546",
            "team": "not applicable",
            "visibility": "visible"
        },
        {
            "gameTime": "1 - 43:14",
            "label": "Throw-in",
            "position": "2594241",
            "team": "away",
            "visibility": "visible"
        },
        {
            "gameTime": "1 - 43:26",
            "label": "Ball out of play",
            "position": "2606561",
            "team": "not applicable",
            "visibility": "visible"
        },
        {
            "gameTime": "1 - 43:43",
            "label": "Throw-in",
            "position": "2623816",
            "team": "away",
            "visibility": "not shown"
        },
        {
            "gameTime": "1 - 43:49",
            "label": "Ball out of play",
            "position": "2629054",
            "team": "not applicable",
            "visibility": "visible"
        },
        {
            "gameTime": "1 - 43:54",
            "label": "Throw-in",
            "position": "2634310",
            "team": "away",
            "visibility": "visible"
        },
        {
            "gameTime": "1 - 44:23",
            "label": "Ball out of play",
            "position": "2663446",
            "team": "not applicable",
            "visibility": "visible"
        },
        {
            "gameTime": "1 - 44:51",
            "label": "Clearance",
            "position": "2691667",
            "team": "away",
            "visibility": "not shown"
        },
        {
            "gameTime": "1 - 45:08",
            "label": "Goal",
            "position": "2708042",
            "team": "away",
            "visibility": "visible"
        },
        {
            "gameTime": "1 - 45:59",
            "label": "Kick-off",
            "position": "2759993",
            "team": "home",
            "visibility": "not shown"
        },
        {
            "gameTime": "2 - 00:00",
            "label": "Kick-off",
            "position": "192",
            "team": "home",
            "visibility": "visible"
        },
        {
            "gameTime": "2 - 00:16",
            "label": "Ball out of play",
            "position": "16419",
            "team": "not applicable",
            "visibility": "visible"
        },
        {
            "gameTime": "2 - 00:28",
            "label": "Throw-in",
            "position": "28398",
            "team": "away",
            "visibility": "visible"
        },
        {
            "gameTime": "2 - 00:54",
            "label": "Offside",
            "position": "54705",
            "team": "home",
            "visibility": "visible"
        },
        {
            "gameTime": "2 - 01:44",
            "label": "Ball out of play",
            "position": "104966",
            "team": "not applicable",
            "visibility": "visible"
        },
        {
            "gameTime": "2 - 02:09",
            "label": "Corner",
            "position": "129104",
            "team": "home",
            "visibility": "not shown"
        },
        {
            "gameTime": "2 - 02:21",
            "label": "Ball out of play",
            "position": "141634",
            "team": "not applicable",
            "visibility": "visible"
        },
        {
            "gameTime": "2 - 02:40",
            "label": "Corner",
            "position": "160410",
            "team": "home",
            "visibility": "visible"
        },
        {
            "gameTime": "2 - 02:46",
            "label": "Ball out of play",
            "position": "166169",
            "team": "not applicable",
            "visibility": "visible"
        },
        {
            "gameTime": "2 - 03:06",
            "label": "Corner",
            "position": "186226",
            "team": "home",
            "visibility": "visible"
        },
        {
            "gameTime": "2 - 03:10",
            "label": "Ball out of play",
            "position": "190272",
            "team": "not applicable",
            "visibility": "visible"
        },
        {
            "gameTime": "2 - 03:34",
            "label": "Clearance",
            "position": "214096",
            "team": "away",
            "visibility": "visible"
        },
        {
            "gameTime": "2 - 04:09",
            "label": "Ball out of play",
            "position": "249957",
            "team": "not applicable",
            "visibility": "visible"
        },
        {
            "gameTime": "2 - 04:11",
            "label": "Throw-in",
            "position": "251826",
            "team": "home",
            "visibility": "visible"
        },
        {
            "gameTime": "2 - 04:38",
            "label": "Ball out of play",
            "position": "278830",
            "team": "not applicable",
            "visibility": "visible"
        },
        {
            "gameTime": "2 - 04:50",
            "label": "Throw-in",
            "position": "290633",
            "team": "away",
            "visibility": "not shown"
        },
        {
            "gameTime": "2 - 04:58",
            "label": "Ball out of play",
            "position": "298760",
            "team": "not applicable",
            "visibility": "visible"
        },
        {
            "gameTime": "2 - 05:06",
            "label": "Throw-in",
            "position": "306066",
            "team": "away",
            "visibility": "visible"
        },
        {
            "gameTime": "2 - 05:45",
            "label": "Ball out of play",
            "position": "345613",
            "team": "not applicable",
            "visibility": "visible"
        },
        {
            "gameTime": "2 - 06:16",
            "label": "Clearance",
            "position": "376270",
            "team": "home",
            "visibility": "visible"
        },
        {
            "gameTime": "2 - 06:24",
            "label": "Foul",
            "position": "384621",
            "team": "home",
            "visibility": "visible"
        },
        {
            "gameTime": "2 - 07:14",
            "label": "Ball out of play",
            "position": "434462",
            "team": "not applicable",
            "visibility": "visible"
        },
        {
            "gameTime": "2 - 07:44",
            "label": "Corner",
            "position": "464346",
            "team": "home",
            "visibility": "visible"
        },
        {
            "gameTime": "2 - 08:03",
            "label": "Ball out of play",
            "position": "483812",
            "team": "not applicable",
            "visibility": "visible"
        },
        {
            "gameTime": "2 - 08:29",
            "label": "Clearance",
            "position": "509718",
            "team": "away",
            "visibility": "not shown"
        },
        {
            "gameTime": "2 - 08:46",
            "label": "Ball out of play",
            "position": "526681",
            "team": "not applicable",
            "visibility": "visible"
        },
        {
            "gameTime": "2 - 08:52",
            "label": "Throw-in",
            "position": "532928",
            "team": "home",
            "visibility": "visible"
        },
        {
            "gameTime": "2 - 09:10",
            "label": "Ball out of play",
            "position": "550915",
            "team": "not applicable",
            "visibility": "visible"
        },
        {
            "gameTime": "2 - 09:29",
            "label": "Throw-in",
            "position": "569241",
            "team": "home",
            "visibility": "visible"
        },
        {
            "gameTime": "2 - 09:42",
            "label": "Ball out of play",
            "position": "582608",
            "team": "not applicable",
            "visibility": "visible"
        },
        {
            "gameTime": "2 - 10:11",
            "label": "Corner",
            "position": "611100",
            "team": "home",
            "visibility": "visible"
        },
        {
            "gameTime": "2 - 10:19",
            "label": "Foul",
            "position": "619284",
            "team": "away",
            "visibility": "visible"
        },
        {
            "gameTime": "2 - 10:24",
            "label": "Yellow card",
            "position": "624992",
            "team": "away",
            "visibility": "visible"
        },
        {
            "gameTime": "2 - 10:53",
            "label": "Indirect free-kick",
            "position": "653077",
            "team": "home",
            "visibility": "visible"
        },
        {
            "gameTime": "2 - 11:15",
            "label": "Shots off target",
            "position": "675503",
            "team": "away",
            "visibility": "visible"
        },
        {
            "gameTime": "2 - 12:02",
            "label": "Substitution",
            "position": "722375",
            "team": "home",
            "visibility": "not shown"
        },
        {
            "gameTime": "2 - 12:02",
            "label": "Clearance",
            "position": "722865",
            "team": "home",
            "visibility": "not shown"
        },
        {
            "gameTime": "2 - 12:20",
            "label": "Offside",
            "position": "740963",
            "team": "away",
            "visibility": "visible"
        },
        {
            "gameTime": "2 - 12:53",
            "label": "Ball out of play",
            "position": "773404",
            "team": "not applicable",
            "visibility": "visible"
        },
        {
            "gameTime": "2 - 13:00",
            "label": "Throw-in",
            "position": "780893",
            "team": "home",
            "visibility": "not shown"
        },
        {
            "gameTime": "2 - 13:12",
            "label": "Foul",
            "position": "792422",
            "team": "home",
            "visibility": "visible"
        },
        {
            "gameTime": "2 - 14:59",
            "label": "Shots on target",
            "position": "899982",
            "team": "away",
            "visibility": "visible"
        },
        {
            "gameTime": "2 - 15:43",
            "label": "Ball out of play",
            "position": "943737",
            "team": "not applicable",
            "visibility": "visible"
        },
        {
            "gameTime": "2 - 16:00",
            "label": "Throw-in",
            "position": "960741",
            "team": "home",
            "visibility": "visible"
        },
        {
            "gameTime": "2 - 16:17",
            "label": "Foul",
            "position": "977325",
            "team": "away",
            "visibility": "visible"
        },
        {
            "gameTime": "2 - 18:23",
            "label": "Ball out of play",
            "position": "1103774",
            "team": "not applicable",
            "visibility": "visible"
        },
        {
            "gameTime": "2 - 20:24",
            "label": "Clearance",
            "position": "1224026",
            "team": "away",
            "visibility": "visible"
        },
        {
            "gameTime": "2 - 21:27",
            "label": "Ball out of play",
            "position": "1287148",
            "team": "not applicable",
            "visibility": "visible"
        },
        {
            "gameTime": "2 - 21:52",
            "label": "Clearance",
            "position": "1312541",
            "team": "away",
            "visibility": "not shown"
        },
        {
            "gameTime": "2 - 22:04",
            "label": "Ball out of play",
            "position": "1324017",
            "team": "not applicable",
            "visibility": "visible"
        },
        {
            "gameTime": "2 - 22:09",
            "label": "Throw-in",
            "position": "1329812",
            "team": "home",
            "visibility": "visible"
        },
        {
            "gameTime": "2 - 22:16",
            "label": "Foul",
            "position": "1336819",
            "team": "home",
            "visibility": "visible"
        },
        {
            "gameTime": "2 - 23:38",
            "label": "Ball out of play",
            "position": "1418610",
            "team": "not applicable",
            "visibility": "visible"
        },
        {
            "gameTime": "2 - 23:42",
            "label": "Throw-in",
            "position": "1422591",
            "team": "home",
            "visibility": "visible"
        },
        {
            "gameTime": "2 - 24:05",
            "label": "Shots off target",
            "position": "1445872",
            "team": "home",
            "visibility": "visible"
        },
        {
            "gameTime": "2 - 24:34",
            "label": "Clearance",
            "position": "1474316",
            "team": "away",
            "visibility": "not shown"
        },
        {
            "gameTime": "2 - 25:00",
            "label": "Ball out of play",
            "position": "1500648",
            "team": "not applicable",
            "visibility": "visible"
        },
        {
            "gameTime": "2 - 25:24",
            "label": "Clearance",
            "position": "1524910",
            "team": "away",
            "visibility": "visible"
        },
        {
            "gameTime": "2 - 25:30",
            "label": "Ball out of play",
            "position": "1530346",
            "team": "not applicable",
            "visibility": "visible"
        },
        {
            "gameTime": "2 - 25:35",
            "label": "Throw-in",
            "position": "1535146",
            "team": "home",
            "visibility": "visible"
        },
        {
            "gameTime": "2 - 26:07",
            "label": "Ball out of play",
            "position": "1567248",
            "team": "not applicable",
            "visibility": "visible"
        },
        {
            "gameTime": "2 - 26:14",
            "label": "Throw-in",
            "position": "1574777",
            "team": "home",
            "visibility": "visible"
        },
        {
            "gameTime": "2 - 26:20",
            "label": "Ball out of play",
            "position": "1580193",
            "team": "not applicable",
            "visibility": "visible"
        },
        {
            "gameTime": "2 - 26:23",
            "label": "Throw-in",
            "position": "1583702",
            "team": "home",
            "visibility": "visible"
        },
        {
            "gameTime": "2 - 26:34",
            "label": "Ball out of play",
            "position": "1594226",
            "team": "not applicable",
            "visibility": "visible"
        },
        {
            "gameTime": "2 - 26:52",
            "label": "Corner",
            "position": "1612414",
            "team": "home",
            "visibility": "visible"
        },
        {
            "gameTime": "2 - 27:11",
            "label": "Ball out of play",
            "position": "1631598",
            "team": "not applicable",
            "visibility": "visible"
        },
        {
            "gameTime": "2 - 27:31",
            "label": "Throw-in",
            "position": "1651630",
            "team": "home",
            "visibility": "not shown"
        },
        {
            "gameTime": "2 - 28:16",
            "label": "Foul",
            "position": "1696063",
            "team": "away",
            "visibility": "visible"
        },
        {
            "gameTime": "2 - 29:11",
            "label": "Direct free-kick",
            "position": "1751580",
            "team": "home",
            "visibility": "visible"
        },
        {
            "gameTime": "2 - 29:12",
            "label": "Ball out of play",
            "position": "1752893",
            "team": "not applicable",
            "visibility": "visible"
        },
        {
            "gameTime": "2 - 29:38",
            "label": "Clearance",
            "position": "1778956",
            "team": "away",
            "visibility": "not shown"
        },
        {
            "gameTime": "2 - 29:55",
            "label": "Foul",
            "position": "1795205",
            "team": "home",
            "visibility": "visible"
        },
        {
            "gameTime": "2 - 30:40",
            "label": "Substitution",
            "position": "1840261",
            "team": "away",
            "visibility": "visible"
        },
        {
            "gameTime": "2 - 31:03",
            "label": "Substitution",
            "position": "1863802",
            "team": "away",
            "visibility": "visible"
        },
        {
            "gameTime": "2 - 31:41",
            "label": "Foul",
            "position": "1901919",
            "team": "away",
            "visibility": "visible"
        },
        {
            "gameTime": "2 - 32:11",
            "label": "Indirect free-kick",
            "position": "1931893",
            "team": "home",
            "visibility": "visible"
        },
        {
            "gameTime": "2 - 32:15",
            "label": "Ball out of play",
            "position": "1935340",
            "team": "not applicable",
            "visibility": "visible"
        },
        {
            "gameTime": "2 - 32:30",
            "label": "Throw-in",
            "position": "1950080",
            "team": "home",
            "visibility": "visible"
        },
        {
            "gameTime": "2 - 33:05",
            "label": "Foul",
            "position": "1985148",
            "team": "away",
            "visibility": "visible"
        },
        {
            "gameTime": "2 - 33:47",
            "label": "Substitution",
            "position": "2027653",
            "team": "home",
            "visibility": "visible"
        },
        {
            "gameTime": "2 - 34:11",
            "label": "Substitution",
            "position": "2051357",
            "team": "home",
            "visibility": "visible"
        },
        {
            "gameTime": "2 - 35:21",
            "label": "Ball out of play",
            "position": "2121297",
            "team": "not applicable",
            "visibility": "visible"
        },
        {
            "gameTime": "2 - 35:30",
            "label": "Throw-in",
            "position": "2130368",
            "team": "home",
            "visibility": "not shown"
        },
        {
            "gameTime": "2 - 35:54",
            "label": "Foul",
            "position": "2154655",
            "team": "home",
            "visibility": "visible"
        },
        {
            "gameTime": "2 - 36:24",
            "label": "Ball out of play",
            "position": "2184964",
            "team": "not applicable",
            "visibility": "visible"
        },
        {
            "gameTime": "2 - 36:29",
            "label": "Throw-in",
            "position": "2189053",
            "team": "away",
            "visibility": "visible"
        },
        {
            "gameTime": "2 - 36:42",
            "label": "Ball out of play",
            "position": "2202466",
            "team": "not applicable",
            "visibility": "visible"
        },
        {
            "gameTime": "2 - 36:52",
            "label": "Throw-in",
            "position": "2212787",
            "team": "home",
            "visibility": "visible"
        },
        {
            "gameTime": "2 - 37:37",
            "label": "Shots on target",
            "position": "2257603",
            "team": "home",
            "visibility": "visible"
        },
        {
            "gameTime": "2 - 38:53",
            "label": "Ball out of play",
            "position": "2333161",
            "team": "not applicable",
            "visibility": "visible"
        },
        {
            "gameTime": "2 - 39:07",
            "label": "Yellow card",
            "position": "2347003",
            "team": "away",
            "visibility": "not shown"
        },
        {
            "gameTime": "2 - 40:04",
            "label": "Throw-in",
            "position": "2404031",
            "team": "home",
            "visibility": "visible"
        },
        {
            "gameTime": "2 - 40:30",
            "label": "Foul",
            "position": "2430138",
            "team": "home",
            "visibility": "visible"
        },
        {
            "gameTime": "2 - 40:55",
            "label": "Shots on target",
            "position": "2455749",
            "team": "away",
            "visibility": "visible"
        },
        {
            "gameTime": "2 - 41:09",
            "label": "Ball out of play",
            "position": "2469004",
            "team": "not applicable",
            "visibility": "visible"
        },
        {
            "gameTime": "2 - 41:36",
            "label": "Corner",
            "position": "2496046",
            "team": "home",
            "visibility": "visible"
        },
        {
            "gameTime": "2 - 41:55",
            "label": "Shots on target",
            "position": "2515509",
            "team": "home",
            "visibility": "visible"
        },
        {
            "gameTime": "2 - 42:08",
            "label": "Ball out of play",
            "position": "2528629",
            "team": "not applicable",
            "visibility": "visible"
        },
        {
            "gameTime": "2 - 42:18",
            "label": "Throw-in",
            "position": "2538101",
            "team": "away",
            "visibility": "visible"
        },
        {
            "gameTime": "2 - 42:20",
            "label": "Ball out of play",
            "position": "2540242",
            "team": "not applicable",
            "visibility": "visible"
        },
        {
            "gameTime": "2 - 42:24",
            "label": "Throw-in",
            "position": "2544471",
            "team": "away",
            "visibility": "visible"
        },
        {
            "gameTime": "2 - 42:51",
            "label": "Foul",
            "position": "2571731",
            "team": "home",
            "visibility": "visible"
        },
        {
            "gameTime": "2 - 42:54",
            "label": "Ball out of play",
            "position": "2574664",
            "team": "not applicable",
            "visibility": "visible"
        },
        {
            "gameTime": "2 - 43:34",
            "label": "Substitution",
            "position": "2614753",
            "team": "away",
            "visibility": "visible"
        },
        {
            "gameTime": "2 - 43:46",
            "label": "Indirect free-kick",
            "position": "2626328",
            "team": "away",
            "visibility": "visible"
        },
        {
            "gameTime": "2 - 43:58",
            "label": "Foul",
            "position": "2638870",
            "team": "away",
            "visibility": "visible"
        },
        {
            "gameTime": "2 - 44:36",
            "label": "Ball out of play",
            "position": "2676899",
            "team": "not applicable",
            "visibility": "visible"
        },
        {
            "gameTime": "2 - 45:00",
            "label": "Clearance",
            "position": "2700474",
            "team": "away",
            "visibility": "not shown"
        },
        {
            "gameTime": "2 - 45:09",
            "label": "Ball out of play",
            "position": "2709579",
            "team": "not applicable",
            "visibility": "visible"
        },
        {
            "gameTime": "2 - 45:16",
            "label": "Throw-in",
            "position": "2716985",
            "team": "home",
            "visibility": "visible"
        },
        {
            "gameTime": "2 - 45:31",
            "label": "Ball out of play",
            "position": "2731984",
            "team": "not applicable",
            "visibility": "visible"
        },
        {
            "gameTime": "2 - 45:43",
            "label": "Throw-in",
            "position": "2743429",
            "team": "home",
            "visibility": "visible"
        },
        {
            "gameTime": "2 - 45:48",
            "label": "Ball out of play",
            "position": "2748353",
            "team": "not applicable",
            "visibility": "visible"
        },
        {
            "gameTime": "2 - 45:51",
            "label": "Throw-in",
            "position": "2751790",
            "team": "home",
            "visibility": "visible"
        },
        {
            "gameTime": "2 - 46:05",
            "label": "Ball out of play",
            "position": "2765512",
            "team": "not applicable",
            "visibility": "visible"
        },
        {
            "gameTime": "2 - 46:26",
            "label": "Clearance",
            "position": "2786892",
            "team": "away",
            "visibility": "not shown"
        },
        {
            "gameTime": "2 - 46:35",
            "label": "Ball out of play",
            "position": "2795494",
            "team": "not applicable",
            "visibility": "visible"
        },
        {
            "gameTime": "2 - 46:39",
            "label": "Throw-in",
            "position": "2799409",
            "team": "home",
            "visibility": "visible"
        },
        {
            "gameTime": "2 - 47:06",
            "label": "Shots on target",
            "position": "2826007",
            "team": "home",
            "visibility": "visible"
        },
        {
            "gameTime": "2 - 48:05",
            "label": "Ball out of play",
            "position": "2885060",
            "team": "not applicable",
            "visibility": "visible"
        },
        {
            "gameTime": "2 - 48:26",
            "label": "Corner",
            "position": "2906945",
            "team": "home",
            "visibility": "visible"
        },
        {
            "gameTime": "2 - 48:33",
            "label": "Goal",
            "position": "2913948",
            "team": "home",
            "visibility": "visible"
        },
        {
            "gameTime": "2 - 49:18",
            "label": "Kick-off",
            "position": "2958773",
            "team": "away",
            "visibility": "not shown"
        }
    ],
    "gameAwayTeam": "Arsenal",
    "gameDate": "21/02/2015 - 18:00",
    "gameHomeTeam": "Crystal Palace",
    "gameScore": "1 - 2"
}