{
    "UrlLocal": "england_epl/2014-2015/2015-02-22 - 19-15 Southampton 0 - 2 Liverpool/",
    "UrlYoutube": "",
    "annotations": [
        {
            "gameTime": "1 - 00:00",
            "label": "Kick-off",
            "position": "0",
            "team": "away",
            "visibility": "not shown"
        },
        {
            "gameTime": "1 - 01:00",
            "label": "Ball out of play",
            "position": "60134",
            "team": "not applicable",
            "visibility": "visible"
        },
        {
            "gameTime": "1 - 01:19",
            "label": "Clearance",
            "position": "79525",
            "team": "home",
            "visibility": "not shown"
        },
        {
            "gameTime": "1 - 02:32",
            "label": "Goal",
            "position": "152023",
            "team": "away",
            "visibility": "visible"
        },
        {
            "gameTime": "1 - 03:10",
            "label": "Kick-off",
            "position": "190825",
            "team": "home",
            "visibility": "not shown"
        },
        {
            "gameTime": "1 - 03:34",
            "label": "Shots on target",
            "position": "214372",
            "team": "home",
            "visibility": "visible"
        },
        {
            "gameTime": "1 - 03:34",
            "label": "Ball out of play",
            "position": "214898",
            "team": "not applicable",
            "visibility": "visible"
        },
        {
            "gameTime": "1 - 04:24",
            "label": "Corner",
            "position": "264945",
            "team": "home",
            "visibility": "visible"
        },
        {
            "gameTime": "1 - 04:59",
            "label": "Foul",
            "position": "299792",
            "team": "home",
            "visibility": "visible"
        },
        {
            "gameTime": "1 - 05:21",
            "label": "Ball out of play",
            "position": "321692",
            "team": "not applicable",
            "visibility": "visible"
        },
        {
            "gameTime": "1 - 05:39",
            "label": "Throw-in",
            "position": "339152",
            "team": "home",
            "visibility": "visible"
        },
        {
            "gameTime": "1 - 05:49",
            "label": "Ball out of play",
            "position": "349636",
            "team": "not applicable",
            "visibility": "visible"
        },
        {
            "gameTime": "1 - 05:53",
            "label": "Throw-in",
            "position": "353727",
            "team": "home",
            "visibility": "not shown"
        },
        {
            "gameTime": "1 - 06:17",
            "label": "Ball out of play",
            "position": "377793",
            "team": "not applicable",
            "visibility": "visible"
        },
        {
            "gameTime": "1 - 06:30",
            "label": "Throw-in",
            "position": "390882",
            "team": "away",
            "visibility": "visible"
        },
        {
            "gameTime": "1 - 06:50",
            "label": "Ball out of play",
            "position": "410065",
            "team": "not applicable",
            "visibility": "visible"
        },
        {
            "gameTime": "1 - 06:58",
            "label": "Throw-in",
            "position": "418101",
            "team": "home",
            "visibility": "visible"
        },
        {
            "gameTime": "1 - 07:37",
            "label": "Shots off target",
            "position": "457121",
            "team": "home",
            "visibility": "visible"
        },
        {
            "gameTime": "1 - 08:01",
            "label": "Clearance",
            "position": "481429",
            "team": "away",
            "visibility": "not shown"
        },
        {
            "gameTime": "1 - 09:01",
            "label": "Ball out of play",
            "position": "541529",
            "team": "not applicable",
            "visibility": "visible"
        },
        {
            "gameTime": "1 - 09:22",
            "label": "Throw-in",
            "position": "562410",
            "team": "home",
            "visibility": "not shown"
        },
        {
            "gameTime": "1 - 09:23",
            "label": "Ball out of play",
            "position": "563491",
            "team": "not applicable",
            "visibility": "visible"
        },
        {
            "gameTime": "1 - 09:28",
            "label": "Throw-in",
            "position": "568731",
            "team": "away",
            "visibility": "visible"
        },
        {
            "gameTime": "1 - 10:10",
            "label": "Foul",
            "position": "610561",
            "team": "away",
            "visibility": "visible"
        },
        {
            "gameTime": "1 - 11:02",
            "label": "Indirect free-kick",
            "position": "662602",
            "team": "home",
            "visibility": "visible"
        },
        {
            "gameTime": "1 - 11:07",
            "label": "Ball out of play",
            "position": "667114",
            "team": "not applicable",
            "visibility": "visible"
        },
        {
            "gameTime": "1 - 11:24",
            "label": "Throw-in",
            "position": "684243",
            "team": "away",
            "visibility": "visible"
        },
        {
            "gameTime": "1 - 11:52",
            "label": "Ball out of play",
            "position": "712602",
            "team": "not applicable",
            "visibility": "visible"
        },
        {
            "gameTime": "1 - 12:00",
            "label": "Throw-in",
            "position": "720072",
            "team": "home",
            "visibility": "visible"
        },
        {
            "gameTime": "1 - 12:45",
            "label": "Foul",
            "position": "765369",
            "team": "away",
            "visibility": "visible"
        },
        {
            "gameTime": "1 - 13:19",
            "label": "Ball out of play",
            "position": "799044",
            "team": "not applicable",
            "visibility": "visible"
        },
        {
            "gameTime": "1 - 13:24",
            "label": "Throw-in",
            "position": "804432",
            "team": "home",
            "visibility": "not shown"
        },
        {
            "gameTime": "1 - 14:04",
            "label": "Ball out of play",
            "position": "844517",
            "team": "not applicable",
            "visibility": "visible"
        },
        {
            "gameTime": "1 - 14:29",
            "label": "Corner",
            "position": "869328",
            "team": "home",
            "visibility": "visible"
        },
        {
            "gameTime": "1 - 16:04",
            "label": "Ball out of play",
            "position": "964310",
            "team": "not applicable",
            "visibility": "visible"
        },
        {
            "gameTime": "1 - 16:10",
            "label": "Throw-in",
            "position": "970235",
            "team": "away",
            "visibility": "not shown"
        },
        {
            "gameTime": "1 - 16:19",
            "label": "Ball out of play",
            "position": "979969",
            "team": "not applicable",
            "visibility": "visible"
        },
        {
            "gameTime": "1 - 16:26",
            "label": "Throw-in",
            "position": "986839",
            "team": "home",
            "visibility": "visible"
        },
        {
            "gameTime": "1 - 16:56",
            "label": "Ball out of play",
            "position": "1016075",
            "team": "not applicable",
            "visibility": "visible"
        },
        {
            "gameTime": "1 - 17:04",
            "label": "Throw-in",
            "position": "1024781",
            "team": "away",
            "visibility": "visible"
        },
        {
            "gameTime": "1 - 17:20",
            "label": "Ball out of play",
            "position": "1040785",
            "team": "not applicable",
            "visibility": "visible"
        },
        {
            "gameTime": "1 - 17:38",
            "label": "Clearance",
            "position": "1058954",
            "team": "home",
            "visibility": "visible"
        },
        {
            "gameTime": "1 - 17:57",
            "label": "Ball out of play",
            "position": "1077897",
            "team": "not applicable",
            "visibility": "visible"
        },
        {
            "gameTime": "1 - 18:16",
            "label": "Throw-in",
            "position": "1096346",
            "team": "away",
            "visibility": "visible"
        },
        {
            "gameTime": "1 - 21:02",
            "label": "Ball out of play",
            "position": "1262387",
            "team": "not applicable",
            "visibility": "visible"
        },
        {
            "gameTime": "1 - 21:15",
            "label": "Throw-in",
            "position": "1275651",
            "team": "away",
            "visibility": "visible"
        },
        {
            "gameTime": "1 - 21:53",
            "label": "Clearance",
            "position": "1313725",
            "team": "away",
            "visibility": "not shown"
        },
        {
            "gameTime": "1 - 21:59",
            "label": "Throw-in",
            "position": "1319850",
            "team": "away",
            "visibility": "visible"
        },
        {
            "gameTime": "1 - 22:20",
            "label": "Foul",
            "position": "1340428",
            "team": "home",
            "visibility": "visible"
        },
        {
            "gameTime": "1 - 23:39",
            "label": "Ball out of play",
            "position": "1419090",
            "team": "not applicable",
            "visibility": "visible"
        },
        {
            "gameTime": "1 - 24:02",
            "label": "Throw-in",
            "position": "1442356",
            "team": "away",
            "visibility": "not shown"
        },
        {
            "gameTime": "1 - 25:45",
            "label": "Ball out of play",
            "position": "1545801",
            "team": "not applicable",
            "visibility": "visible"
        },
        {
            "gameTime": "1 - 26:10",
            "label": "Clearance",
            "position": "1570131",
            "team": "away",
            "visibility": "visible"
        },
        {
            "gameTime": "1 - 26:34",
            "label": "Ball out of play",
            "position": "1594654",
            "team": "not applicable",
            "visibility": "visible"
        },
        {
            "gameTime": "1 - 26:54",
            "label": "Throw-in",
            "position": "1614958",
            "team": "home",
            "visibility": "visible"
        },
        {
            "gameTime": "1 - 26:59",
            "label": "Ball out of play",
            "position": "1619785",
            "team": "not applicable",
            "visibility": "visible"
        },
        {
            "gameTime": "1 - 27:16",
            "label": "Throw-in",
            "position": "1636553",
            "team": "away",
            "visibility": "visible"
        },
        {
            "gameTime": "1 - 27:20",
            "label": "Foul",
            "position": "1640541",
            "team": "away",
            "visibility": "visible"
        },
        {
            "gameTime": "1 - 28:04",
            "label": "Indirect free-kick",
            "position": "1684326",
            "team": "home",
            "visibility": "visible"
        },
        {
            "gameTime": "1 - 30:15",
            "label": "Foul",
            "position": "1815445",
            "team": "home",
            "visibility": "visible"
        },
        {
            "gameTime": "1 - 32:02",
            "label": "Ball out of play",
            "position": "1922012",
            "team": "not applicable",
            "visibility": "visible"
        },
        {
            "gameTime": "1 - 32:22",
            "label": "Throw-in",
            "position": "1942286",
            "team": "away",
            "visibility": "visible"
        },
        {
            "gameTime": "1 - 32:36",
            "label": "Ball out of play",
            "position": "1956459",
            "team": "not applicable",
            "visibility": "visible"
        },
        {
            "gameTime": "1 - 32:45",
            "label": "Throw-in",
            "position": "1965650",
            "team": "home",
            "visibility": "visible"
        },
        {
            "gameTime": "1 - 33:37",
            "label": "Ball out of play",
            "position": "2017212",
            "team": "not applicable",
            "visibility": "visible"
        },
        {
            "gameTime": "1 - 33:43",
            "label": "Throw-in",
            "position": "2023439",
            "team": "home",
            "visibility": "visible"
        },
        {
            "gameTime": "1 - 34:23",
            "label": "Ball out of play",
            "position": "2063581",
            "team": "not applicable",
            "visibility": "visible"
        },
        {
            "gameTime": "1 - 34:26",
            "label": "Throw-in",
            "position": "2066469",
            "team": "home",
            "visibility": "not shown"
        },
        {
            "gameTime": "1 - 34:38",
            "label": "Ball out of play",
            "position": "2078352",
            "team": "not applicable",
            "visibility": "visible"
        },
        {
            "gameTime": "1 - 35:00",
            "label": "Throw-in",
            "position": "2100451",
            "team": "away",
            "visibility": "not shown"
        },
        {
            "gameTime": "1 - 35:10",
            "label": "Ball out of play",
            "position": "2110269",
            "team": "not applicable",
            "visibility": "visible"
        },
        {
            "gameTime": "1 - 35:16",
            "label": "Throw-in",
            "position": "2116431",
            "team": "home",
            "visibility": "not shown"
        },
        {
            "gameTime": "1 - 35:31",
            "label": "Foul",
            "position": "2131383",
            "team": "away",
            "visibility": "visible"
        },
        {
            "gameTime": "1 - 36:05",
            "label": "Indirect free-kick",
            "position": "2165099",
            "team": "home",
            "visibility": "visible"
        },
        {
            "gameTime": "1 - 36:15",
            "label": "Shots off target",
            "position": "2175977",
            "team": "home",
            "visibility": "visible"
        },
        {
            "gameTime": "1 - 36:55",
            "label": "Clearance",
            "position": "2215091",
            "team": "away",
            "visibility": "not shown"
        },
        {
            "gameTime": "1 - 37:07",
            "label": "Ball out of play",
            "position": "2227630",
            "team": "not applicable",
            "visibility": "visible"
        },
        {
            "gameTime": "1 - 37:16",
            "label": "Throw-in",
            "position": "2236981",
            "team": "home",
            "visibility": "not shown"
        },
        {
            "gameTime": "1 - 38:14",
            "label": "Ball out of play",
            "position": "2294386",
            "team": "not applicable",
            "visibility": "visible"
        },
        {
            "gameTime": "1 - 38:19",
            "label": "Throw-in",
            "position": "2299509",
            "team": "away",
            "visibility": "not shown"
        },
        {
            "gameTime": "1 - 38:47",
            "label": "Ball out of play",
            "position": "2327594",
            "team": "not applicable",
            "visibility": "visible"
        },
        {
            "gameTime": "1 - 38:54",
            "label": "Clearance",
            "position": "2334356",
            "team": "home",
            "visibility": "not shown"
        },
        {
            "gameTime": "1 - 40:00",
            "label": "Foul",
            "position": "2400705",
            "team": "home",
            "visibility": "visible"
        },
        {
            "gameTime": "1 - 40:46",
            "label": "Indirect free-kick",
            "position": "2446237",
            "team": "away",
            "visibility": "visible"
        },
        {
            "gameTime": "1 - 41:08",
            "label": "Ball out of play",
            "position": "2468818",
            "team": "not applicable",
            "visibility": "visible"
        },
        {
            "gameTime": "1 - 41:17",
            "label": "Throw-in",
            "position": "2477948",
            "team": "home",
            "visibility": "visible"
        },
        {
            "gameTime": "1 - 41:20",
            "label": "Foul",
            "position": "2480611",
            "team": "away",
            "visibility": "visible"
        },
        {
            "gameTime": "1 - 42:08",
            "label": "Ball out of play",
            "position": "2528970",
            "team": "not applicable",
            "visibility": "visible"
        },
        {
            "gameTime": "1 - 42:23",
            "label": "Throw-in",
            "position": "2543710",
            "team": "away",
            "visibility": "visible"
        },
        {
            "gameTime": "1 - 42:35",
            "label": "Foul",
            "position": "2555670",
            "team": "away",
            "visibility": "visible"
        },
        {
            "gameTime": "1 - 42:41",
            "label": "Yellow card",
            "position": "2561919",
            "team": "away",
            "visibility": "visible"
        },
        {
            "gameTime": "1 - 44:11",
            "label": "Ball out of play",
            "position": "2651979",
            "team": "not applicable",
            "visibility": "visible"
        },
        {
            "gameTime": "1 - 44:40",
            "label": "Corner",
            "position": "2680174",
            "team": "home",
            "visibility": "visible"
        },
        {
            "gameTime": "1 - 44:55",
            "label": "Ball out of play",
            "position": "2695146",
            "team": "not applicable",
            "visibility": "visible"
        },
        {
            "gameTime": "2 - 00:00",
            "label": "Kick-off",
            "position": "0",
            "team": "home",
            "visibility": "visible"
        },
        {
            "gameTime": "2 - 00:19",
            "label": "Substitution",
            "position": "19030",
            "team": "home",
            "visibility": "not shown"
        },
        {
            "gameTime": "2 - 00:51",
            "label": "Substitution",
            "position": "51462",
            "team": "away",
            "visibility": "not shown"
        },
        {
            "gameTime": "2 - 01:18",
            "label": "Ball out of play",
            "position": "78813",
            "team": "not applicable",
            "visibility": "visible"
        },
        {
            "gameTime": "2 - 01:35",
            "label": "Throw-in",
            "position": "95490",
            "team": "home",
            "visibility": "visible"
        },
        {
            "gameTime": "2 - 02:33",
            "label": "Ball out of play",
            "position": "153205",
            "team": "not applicable",
            "visibility": "visible"
        },
        {
            "gameTime": "2 - 02:44",
            "label": "Throw-in",
            "position": "164768",
            "team": "away",
            "visibility": "not shown"
        },
        {
            "gameTime": "2 - 02:51",
            "label": "Ball out of play",
            "position": "171387",
            "team": "not applicable",
            "visibility": "visible"
        },
        {
            "gameTime": "2 - 02:55",
            "label": "Throw-in",
            "position": "175765",
            "team": "home",
            "visibility": "visible"
        },
        {
            "gameTime": "2 - 03:43",
            "label": "Ball out of play",
            "position": "223533",
            "team": "not applicable",
            "visibility": "visible"
        },
        {
            "gameTime": "2 - 04:11",
            "label": "Corner",
            "position": "251959",
            "team": "home",
            "visibility": "visible"
        },
        {
            "gameTime": "2 - 04:53",
            "label": "Shots off target",
            "position": "293671",
            "team": "home",
            "visibility": "visible"
        },
        {
            "gameTime": "2 - 05:19",
            "label": "Clearance",
            "position": "319366",
            "team": "away",
            "visibility": "visible"
        },
        {
            "gameTime": "2 - 05:27",
            "label": "Ball out of play",
            "position": "327054",
            "team": "not applicable",
            "visibility": "visible"
        },
        {
            "gameTime": "2 - 05:37",
            "label": "Throw-in",
            "position": "337763",
            "team": "away",
            "visibility": "visible"
        },
        {
            "gameTime": "2 - 05:47",
            "label": "Ball out of play",
            "position": "347372",
            "team": "not applicable",
            "visibility": "visible"
        },
        {
            "gameTime": "2 - 06:04",
            "label": "Throw-in",
            "position": "364163",
            "team": "away",
            "visibility": "visible"
        },
        {
            "gameTime": "2 - 06:11",
            "label": "Ball out of play",
            "position": "371139",
            "team": "not applicable",
            "visibility": "visible"
        },
        {
            "gameTime": "2 - 06:22",
            "label": "Clearance",
            "position": "382322",
            "team": "home",
            "visibility": "not shown"
        },
        {
            "gameTime": "2 - 06:53",
            "label": "Offside",
            "position": "413259",
            "team": "away",
            "visibility": "visible"
        },
        {
            "gameTime": "2 - 07:19",
            "label": "Foul",
            "position": "439610",
            "team": "away",
            "visibility": "visible"
        },
        {
            "gameTime": "2 - 07:57",
            "label": "Indirect free-kick",
            "position": "477761",
            "team": "home",
            "visibility": "visible"
        },
        {
            "gameTime": "2 - 08:22",
            "label": "Foul",
            "position": "502906",
            "team": "home",
            "visibility": "visible"
        },
        {
            "gameTime": "2 - 08:47",
            "label": "Offside",
            "position": "527548",
            "team": "away",
            "visibility": "visible"
        },
        {
            "gameTime": "2 - 09:13",
            "label": "Ball out of play",
            "position": "553236",
            "team": "not applicable",
            "visibility": "visible"
        },
        {
            "gameTime": "2 - 09:25",
            "label": "Throw-in",
            "position": "565305",
            "team": "away",
            "visibility": "not shown"
        },
        {
            "gameTime": "2 - 10:32",
            "label": "Ball out of play",
            "position": "632052",
            "team": "not applicable",
            "visibility": "visible"
        },
        {
            "gameTime": "2 - 11:01",
            "label": "Substitution",
            "position": "661795",
            "team": "home",
            "visibility": "visible"
        },
        {
            "gameTime": "2 - 11:11",
            "label": "Clearance",
            "position": "671071",
            "team": "away",
            "visibility": "not shown"
        },
        {
            "gameTime": "2 - 11:28",
            "label": "Ball out of play",
            "position": "688042",
            "team": "not applicable",
            "visibility": "visible"
        },
        {
            "gameTime": "2 - 11:45",
            "label": "Throw-in",
            "position": "705897",
            "team": "home",
            "visibility": "visible"
        },
        {
            "gameTime": "2 - 12:39",
            "label": "Foul",
            "position": "759810",
            "team": "home",
            "visibility": "visible"
        },
        {
            "gameTime": "2 - 13:46",
            "label": "Ball out of play",
            "position": "826621",
            "team": "not applicable",
            "visibility": "visible"
        },
        {
            "gameTime": "2 - 13:59",
            "label": "Throw-in",
            "position": "839972",
            "team": "home",
            "visibility": "visible"
        },
        {
            "gameTime": "2 - 14:10",
            "label": "Ball out of play",
            "position": "850987",
            "team": "not applicable",
            "visibility": "visible"
        },
        {
            "gameTime": "2 - 14:30",
            "label": "Corner",
            "position": "870874",
            "team": "home",
            "visibility": "visible"
        },
        {
            "gameTime": "2 - 14:45",
            "label": "Foul",
            "position": "885814",
            "team": "away",
            "visibility": "visible"
        },
        {
            "gameTime": "2 - 15:15",
            "label": "Ball out of play",
            "position": "915463",
            "team": "not applicable",
            "visibility": "visible"
        },
        {
            "gameTime": "2 - 15:48",
            "label": "Clearance",
            "position": "948508",
            "team": "away",
            "visibility": "visible"
        },
        {
            "gameTime": "2 - 16:22",
            "label": "Ball out of play",
            "position": "982655",
            "team": "not applicable",
            "visibility": "visible"
        },
        {
            "gameTime": "2 - 16:55",
            "label": "Substitution",
            "position": "1015504",
            "team": "away",
            "visibility": "visible"
        },
        {
            "gameTime": "2 - 17:08",
            "label": "Throw-in",
            "position": "1028952",
            "team": "away",
            "visibility": "visible"
        },
        {
            "gameTime": "2 - 17:46",
            "label": "Foul",
            "position": "1066089",
            "team": "home",
            "visibility": "visible"
        },
        {
            "gameTime": "2 - 17:54",
            "label": "Yellow card",
            "position": "1074780",
            "team": "home",
            "visibility": "not shown"
        },
        {
            "gameTime": "2 - 18:55",
            "label": "Ball out of play",
            "position": "1135523",
            "team": "not applicable",
            "visibility": "visible"
        },
        {
            "gameTime": "2 - 19:21",
            "label": "Throw-in",
            "position": "1161377",
            "team": "home",
            "visibility": "visible"
        },
        {
            "gameTime": "2 - 20:32",
            "label": "Ball out of play",
            "position": "1232248",
            "team": "not applicable",
            "visibility": "visible"
        },
        {
            "gameTime": "2 - 20:53",
            "label": "Clearance",
            "position": "1253111",
            "team": "home",
            "visibility": "not shown"
        },
        {
            "gameTime": "2 - 20:56",
            "label": "Foul",
            "position": "1256674",
            "team": "away",
            "visibility": "visible"
        },
        {
            "gameTime": "2 - 21:43",
            "label": "Ball out of play",
            "position": "1303179",
            "team": "not applicable",
            "visibility": "visible"
        },
        {
            "gameTime": "2 - 21:49",
            "label": "Throw-in",
            "position": "1309988",
            "team": "home",
            "visibility": "visible"
        },
        {
            "gameTime": "2 - 23:04",
            "label": "Foul",
            "position": "1384505",
            "team": "away",
            "visibility": "visible"
        },
        {
            "gameTime": "2 - 24:06",
            "label": "Direct free-kick",
            "position": "1446213",
            "team": "home",
            "visibility": "visible"
        },
        {
            "gameTime": "2 - 24:11",
            "label": "Ball out of play",
            "position": "1451190",
            "team": "not applicable",
            "visibility": "visible"
        },
        {
            "gameTime": "2 - 24:29",
            "label": "Throw-in",
            "position": "1469207",
            "team": "away",
            "visibility": "visible"
        },
        {
            "gameTime": "2 - 25:16",
            "label": "Foul",
            "position": "1516743",
            "team": "home",
            "visibility": "visible"
        },
        {
            "gameTime": "2 - 26:22",
            "label": "Ball out of play",
            "position": "1582289",
            "team": "not applicable",
            "visibility": "visible"
        },
        {
            "gameTime": "2 - 26:39",
            "label": "Throw-in",
            "position": "1599749",
            "team": "away",
            "visibility": "visible"
        },
        {
            "gameTime": "2 - 27:00",
            "label": "Ball out of play",
            "position": "1620857",
            "team": "not applicable",
            "visibility": "visible"
        },
        {
            "gameTime": "2 - 27:33",
            "label": "Clearance",
            "position": "1653771",
            "team": "away",
            "visibility": "visible"
        },
        {
            "gameTime": "2 - 27:49",
            "label": "Goal",
            "position": "1669533",
            "team": "away",
            "visibility": "visible"
        },
        {
            "gameTime": "2 - 28:57",
            "label": "Substitution",
            "position": "1737543",
            "team": "away",
            "visibility": "not shown"
        },
        {
            "gameTime": "2 - 29:15",
            "label": "Substitution",
            "position": "1755900",
            "team": "home",
            "visibility": "visible"
        },
        {
            "gameTime": "2 - 29:23",
            "label": "Kick-off",
            "position": "1763989",
            "team": "home",
            "visibility": "visible"
        },
        {
            "gameTime": "2 - 29:32",
            "label": "Ball out of play",
            "position": "1772088",
            "team": "not applicable",
            "visibility": "visible"
        },
        {
            "gameTime": "2 - 29:49",
            "label": "Throw-in",
            "position": "1789422",
            "team": "away",
            "visibility": "visible"
        },
        {
            "gameTime": "2 - 31:41",
            "label": "Foul",
            "position": "1901307",
            "team": "away",
            "visibility": "visible"
        },
        {
            "gameTime": "2 - 32:02",
            "label": "Yellow card",
            "position": "1922562",
            "team": "away",
            "visibility": "visible"
        },
        {
            "gameTime": "2 - 32:59",
            "label": "Direct free-kick",
            "position": "1979666",
            "team": "home",
            "visibility": "visible"
        },
        {
            "gameTime": "2 - 33:36",
            "label": "Ball out of play",
            "position": "2016755",
            "team": "not applicable",
            "visibility": "visible"
        },
        {
            "gameTime": "2 - 34:00",
            "label": "Clearance",
            "position": "2040762",
            "team": "away",
            "visibility": "visible"
        },
        {
            "gameTime": "2 - 34:04",
            "label": "Ball out of play",
            "position": "2044322",
            "team": "not applicable",
            "visibility": "visible"
        },
        {
            "gameTime": "2 - 34:23",
            "label": "Throw-in",
            "position": "2063588",
            "team": "home",
            "visibility": "visible"
        },
        {
            "gameTime": "2 - 34:28",
            "label": "Ball out of play",
            "position": "2068154",
            "team": "not applicable",
            "visibility": "visible"
        },
        {
            "gameTime": "2 - 34:46",
            "label": "Throw-in",
            "position": "2086796",
            "team": "away",
            "visibility": "visible"
        },
        {
            "gameTime": "2 - 35:50",
            "label": "Ball out of play",
            "position": "2150599",
            "team": "not applicable",
            "visibility": "visible"
        },
        {
            "gameTime": "2 - 36:00",
            "label": "Throw-in",
            "position": "2160545",
            "team": "away",
            "visibility": "visible"
        },
        {
            "gameTime": "2 - 37:22",
            "label": "Ball out of play",
            "position": "2242143",
            "team": "not applicable",
            "visibility": "visible"
        },
        {
            "gameTime": "2 - 38:32",
            "label": "Throw-in",
            "position": "2312161",
            "team": "home",
            "visibility": "visible"
        },
        {
            "gameTime": "2 - 38:36",
            "label": "Foul",
            "position": "2316789",
            "team": "away",
            "visibility": "visible"
        },
        {
            "gameTime": "2 - 39:03",
            "label": "Yellow card",
            "position": "2343818",
            "team": "away",
            "visibility": "visible"
        },
        {
            "gameTime": "2 - 39:29",
            "label": "Indirect free-kick",
            "position": "2369559",
            "team": "home",
            "visibility": "visible"
        },
        {
            "gameTime": "2 - 39:37",
            "label": "Offside",
            "position": "2377600",
            "team": "home",
            "visibility": "visible"
        },
        {
            "gameTime": "2 - 40:47",
            "label": "Ball out of play",
            "position": "2447871",
            "team": "not applicable",
            "visibility": "visible"
        },
        {
            "gameTime": "2 - 41:02",
            "label": "Throw-in",
            "position": "2462669",
            "team": "away",
            "visibility": "visible"
        },
        {
            "gameTime": "2 - 41:11",
            "label": "Shots on target",
            "position": "2471810",
            "team": "away",
            "visibility": "visible"
        },
        {
            "gameTime": "2 - 41:41",
            "label": "Offside",
            "position": "2501685",
            "team": "home",
            "visibility": "visible"
        },
        {
            "gameTime": "2 - 42:26",
            "label": "Ball out of play",
            "position": "2546333",
            "team": "not applicable",
            "visibility": "visible"
        },
        {
            "gameTime": "2 - 42:36",
            "label": "Throw-in",
            "position": "2556047",
            "team": "away",
            "visibility": "visible"
        },
        {
            "gameTime": "2 - 43:38",
            "label": "Foul",
            "position": "2618252",
            "team": "away",
            "visibility": "visible"
        },
        {
            "gameTime": "2 - 44:19",
            "label": "Direct free-kick",
            "position": "2659391",
            "team": "home",
            "visibility": "visible"
        },
        {
            "gameTime": "2 - 44:31",
            "label": "Shots on target",
            "position": "2671609",
            "team": "home",
            "visibility": "visible"
        },
        {
            "gameTime": "2 - 45:01",
            "label": "Ball out of play",
            "position": "2701439",
            "team": "not applicable",
            "visibility": "visible"
        },
        {
            "gameTime": "2 - 45:12",
            "label": "Throw-in",
            "position": "2712362",
            "team": "away",
            "visibility": "visible"
        },
        {
            "gameTime": "2 - 45:21",
            "label": "Shots on target",
            "position": "2721266",
            "team": "away",
            "visibility": "visible"
        },
        {
            "gameTime": "2 - 45:21",
            "label": "Ball out of play",
            "position": "2721777",
            "team": "not applicable",
            "visibility": "visible"
        },
        {
            "gameTime": "2 - 45:45",
            "label": "Yellow card",
            "position": "2745725",
            "team": "home",
            "visibility": "visible"
        },
        {
            "gameTime": "2 - 46:09",
            "label": "Corner",
            "position": "2769794",
            "team": "away",
            "visibility": "visible"
        },
        {
            "gameTime": "2 - 46:12",
            "label": "Ball out of play",
            "position": "2772045",
            "team": "not applicable",
            "visibility": "visible"
        },
        {
            "gameTime": "2 - 46:25",
            "label": "Throw-in",
            "position": "2785448",
            "team": "away",
            "visibility": "visible"
        },
        {
            "gameTime": "2 - 46:27",
            "label": "Ball out of play",
            "position": "2787908",
            "team": "not applicable",
            "visibility": "visible"
        },
        {
            "gameTime": "2 - 46:39",
            "label": "Throw-in",
            "position": "2799253",
            "team": "home",
            "visibility": "visible"
        }
    ],
    "gameAwayTeam": "Liverpool",
    "gameDate": "22/02/2015 - 19:15",
    "gameHomeTeam": "Southampton",
    "gameScore": "0 - 2"
}