{
    "UrlLocal": "england_epl/2015-2016/2015-09-19 - 19-30 Manchester City 1 - 2 West Ham/",
    "UrlYoutube": "",
    "annotations": [
        {
            "gameTime": "1 - 00:00",
            "label": "Kick-off",
            "position": "33",
            "team": "away",
            "visibility": "visible"
        },
        {
            "gameTime": "1 - 01:31",
            "label": "Ball out of play",
            "position": "91846",
            "team": "not applicable",
            "visibility": "visible"
        },
        {
            "gameTime": "1 - 01:39",
            "label": "Throw-in",
            "position": "99920",
            "team": "home",
            "visibility": "visible"
        },
        {
            "gameTime": "1 - 02:39",
            "label": "Ball out of play",
            "position": "159927",
            "team": "not applicable",
            "visibility": "visible"
        },
        {
            "gameTime": "1 - 03:09",
            "label": "Corner",
            "position": "189124",
            "team": "home",
            "visibility": "visible"
        },
        {
            "gameTime": "1 - 03:10",
            "label": "Shots on target",
            "position": "190887",
            "team": "home",
            "visibility": "visible"
        },
        {
            "gameTime": "1 - 03:59",
            "label": "Ball out of play",
            "position": "239717",
            "team": "not applicable",
            "visibility": "visible"
        },
        {
            "gameTime": "1 - 04:14",
            "label": "Throw-in",
            "position": "254040",
            "team": "home",
            "visibility": "not shown"
        },
        {
            "gameTime": "1 - 04:23",
            "label": "Ball out of play",
            "position": "263693",
            "team": "not applicable",
            "visibility": "visible"
        },
        {
            "gameTime": "1 - 04:33",
            "label": "Throw-in",
            "position": "273052",
            "team": "home",
            "visibility": "visible"
        },
        {
            "gameTime": "1 - 05:19",
            "label": "Shots on target",
            "position": "319567",
            "team": "away",
            "visibility": "visible"
        },
        {
            "gameTime": "1 - 05:20",
            "label": "Goal",
            "position": "320440",
            "team": "away",
            "visibility": "visible"
        },
        {
            "gameTime": "1 - 06:11",
            "label": "Kick-off",
            "position": "371232",
            "team": "home",
            "visibility": "not shown"
        },
        {
            "gameTime": "1 - 06:42",
            "label": "Ball out of play",
            "position": "402825",
            "team": "not applicable",
            "visibility": "not shown"
        },
        {
            "gameTime": "1 - 06:53",
            "label": "Throw-in",
            "position": "413557",
            "team": "away",
            "visibility": "visible"
        },
        {
            "gameTime": "1 - 07:07",
            "label": "Ball out of play",
            "position": "427051",
            "team": "not applicable",
            "visibility": "visible"
        },
        {
            "gameTime": "1 - 07:13",
            "label": "Throw-in",
            "position": "433704",
            "team": "away",
            "visibility": "not shown"
        },
        {
            "gameTime": "1 - 07:47",
            "label": "Ball out of play",
            "position": "467726",
            "team": "not applicable",
            "visibility": "visible"
        },
        {
            "gameTime": "1 - 07:50",
            "label": "Throw-in",
            "position": "470995",
            "team": "away",
            "visibility": "visible"
        },
        {
            "gameTime": "1 - 07:51",
            "label": "Foul",
            "position": "471024",
            "team": "away",
            "visibility": "visible"
        },
        {
            "gameTime": "1 - 08:12",
            "label": "Throw-in",
            "position": "492037",
            "team": "home",
            "visibility": "visible"
        },
        {
            "gameTime": "1 - 08:31",
            "label": "Shots off target",
            "position": "511255",
            "team": "home",
            "visibility": "visible"
        },
        {
            "gameTime": "1 - 08:32",
            "label": "Ball out of play",
            "position": "512935",
            "team": "not applicable",
            "visibility": "visible"
        },
        {
            "gameTime": "1 - 09:10",
            "label": "Clearance",
            "position": "550677",
            "team": "away",
            "visibility": "not shown"
        },
        {
            "gameTime": "1 - 09:20",
            "label": "Ball out of play",
            "position": "560568",
            "team": "not applicable",
            "visibility": "visible"
        },
        {
            "gameTime": "1 - 09:29",
            "label": "Throw-in",
            "position": "569111",
            "team": "away",
            "visibility": "not shown"
        },
        {
            "gameTime": "1 - 10:50",
            "label": "Ball out of play",
            "position": "650471",
            "team": "not applicable",
            "visibility": "visible"
        },
        {
            "gameTime": "1 - 11:00",
            "label": "Throw-in",
            "position": "660461",
            "team": "home",
            "visibility": "visible"
        },
        {
            "gameTime": "1 - 11:23",
            "label": "Ball out of play",
            "position": "683439",
            "team": "not applicable",
            "visibility": "visible"
        },
        {
            "gameTime": "1 - 11:43",
            "label": "Throw-in",
            "position": "703016",
            "team": "away",
            "visibility": "visible"
        },
        {
            "gameTime": "1 - 12:24",
            "label": "Ball out of play",
            "position": "744552",
            "team": "not applicable",
            "visibility": "not shown"
        },
        {
            "gameTime": "1 - 12:47",
            "label": "Corner",
            "position": "767905",
            "team": "home",
            "visibility": "visible"
        },
        {
            "gameTime": "1 - 12:49",
            "label": "Shots off target",
            "position": "769290",
            "team": "home",
            "visibility": "visible"
        },
        {
            "gameTime": "1 - 12:49",
            "label": "Ball out of play",
            "position": "769930",
            "team": "not applicable",
            "visibility": "visible"
        },
        {
            "gameTime": "1 - 13:25",
            "label": "Clearance",
            "position": "805295",
            "team": "away",
            "visibility": "not shown"
        },
        {
            "gameTime": "1 - 14:32",
            "label": "Ball out of play",
            "position": "872016",
            "team": "not applicable",
            "visibility": "visible"
        },
        {
            "gameTime": "1 - 14:54",
            "label": "Throw-in",
            "position": "894919",
            "team": "away",
            "visibility": "visible"
        },
        {
            "gameTime": "1 - 14:57",
            "label": "Ball out of play",
            "position": "897225",
            "team": "not applicable",
            "visibility": "visible"
        },
        {
            "gameTime": "1 - 15:22",
            "label": "Throw-in",
            "position": "922248",
            "team": "away",
            "visibility": "visible"
        },
        {
            "gameTime": "1 - 15:28",
            "label": "Offside",
            "position": "928840",
            "team": "away",
            "visibility": "visible"
        },
        {
            "gameTime": "1 - 15:43",
            "label": "Indirect free-kick",
            "position": "943371",
            "team": "home",
            "visibility": "not shown"
        },
        {
            "gameTime": "1 - 16:20",
            "label": "Ball out of play",
            "position": "980917",
            "team": "not applicable",
            "visibility": "not shown"
        },
        {
            "gameTime": "1 - 16:25",
            "label": "Throw-in",
            "position": "985903",
            "team": "away",
            "visibility": "not shown"
        },
        {
            "gameTime": "1 - 16:29",
            "label": "Ball out of play",
            "position": "989627",
            "team": "not applicable",
            "visibility": "visible"
        },
        {
            "gameTime": "1 - 16:36",
            "label": "Throw-in",
            "position": "996448",
            "team": "away",
            "visibility": "visible"
        },
        {
            "gameTime": "1 - 17:06",
            "label": "Ball out of play",
            "position": "1026182",
            "team": "not applicable",
            "visibility": "visible"
        },
        {
            "gameTime": "1 - 17:11",
            "label": "Throw-in",
            "position": "1031852",
            "team": "home",
            "visibility": "visible"
        },
        {
            "gameTime": "1 - 18:02",
            "label": "Foul",
            "position": "1082893",
            "team": "home",
            "visibility": "visible"
        },
        {
            "gameTime": "1 - 18:15",
            "label": "Indirect free-kick",
            "position": "1095739",
            "team": "away",
            "visibility": "not shown"
        },
        {
            "gameTime": "1 - 19:58",
            "label": "Ball out of play",
            "position": "1198398",
            "team": "not applicable",
            "visibility": "visible"
        },
        {
            "gameTime": "1 - 20:29",
            "label": "Corner",
            "position": "1229541",
            "team": "away",
            "visibility": "visible"
        },
        {
            "gameTime": "1 - 20:41",
            "label": "Ball out of play",
            "position": "1241677",
            "team": "not applicable",
            "visibility": "visible"
        },
        {
            "gameTime": "1 - 20:49",
            "label": "Throw-in",
            "position": "1249292",
            "team": "home",
            "visibility": "visible"
        },
        {
            "gameTime": "1 - 21:29",
            "label": "Foul",
            "position": "1289605",
            "team": "away",
            "visibility": "visible"
        },
        {
            "gameTime": "1 - 21:40",
            "label": "Yellow card",
            "position": "1300880",
            "team": "away",
            "visibility": "visible"
        },
        {
            "gameTime": "1 - 22:03",
            "label": "Indirect free-kick",
            "position": "1323566",
            "team": "home",
            "visibility": "visible"
        },
        {
            "gameTime": "1 - 24:54",
            "label": "Ball out of play",
            "position": "1494715",
            "team": "not applicable",
            "visibility": "visible"
        },
        {
            "gameTime": "1 - 25:01",
            "label": "Throw-in",
            "position": "1501746",
            "team": "home",
            "visibility": "visible"
        },
        {
            "gameTime": "1 - 25:24",
            "label": "Ball out of play",
            "position": "1524360",
            "team": "not applicable",
            "visibility": "visible"
        },
        {
            "gameTime": "1 - 25:51",
            "label": "Throw-in",
            "position": "1551660",
            "team": "away",
            "visibility": "visible"
        },
        {
            "gameTime": "1 - 27:52",
            "label": "Offside",
            "position": "1672556",
            "team": "home",
            "visibility": "visible"
        },
        {
            "gameTime": "1 - 28:28",
            "label": "Indirect free-kick",
            "position": "1708807",
            "team": "away",
            "visibility": "visible"
        },
        {
            "gameTime": "1 - 30:04",
            "label": "Ball out of play",
            "position": "1804163",
            "team": "not applicable",
            "visibility": "visible"
        },
        {
            "gameTime": "1 - 30:41",
            "label": "Corner",
            "position": "1841284",
            "team": "away",
            "visibility": "visible"
        },
        {
            "gameTime": "1 - 30:42",
            "label": "Shots off target",
            "position": "1842996",
            "team": "away",
            "visibility": "visible"
        },
        {
            "gameTime": "1 - 30:45",
            "label": "Shots on target",
            "position": "1845506",
            "team": "away",
            "visibility": "visible"
        },
        {
            "gameTime": "1 - 30:45",
            "label": "Goal",
            "position": "1845800",
            "team": "away",
            "visibility": "visible"
        },
        {
            "gameTime": "1 - 32:13",
            "label": "Kick-off",
            "position": "1933716",
            "team": "home",
            "visibility": "visible"
        },
        {
            "gameTime": "1 - 32:34",
            "label": "Foul",
            "position": "1954410",
            "team": "away",
            "visibility": "visible"
        },
        {
            "gameTime": "1 - 32:46",
            "label": "Indirect free-kick",
            "position": "1966670",
            "team": "home",
            "visibility": "visible"
        },
        {
            "gameTime": "1 - 33:11",
            "label": "Ball out of play",
            "position": "1991345",
            "team": "not applicable",
            "visibility": "visible"
        },
        {
            "gameTime": "1 - 33:44",
            "label": "Clearance",
            "position": "2024786",
            "team": "away",
            "visibility": "visible"
        },
        {
            "gameTime": "1 - 34:01",
            "label": "Foul",
            "position": "2041542",
            "team": "home",
            "visibility": "visible"
        },
        {
            "gameTime": "1 - 34:32",
            "label": "Indirect free-kick",
            "position": "2072996",
            "team": "away",
            "visibility": "visible"
        },
        {
            "gameTime": "1 - 34:49",
            "label": "Offside",
            "position": "2089843",
            "team": "home",
            "visibility": "visible"
        },
        {
            "gameTime": "1 - 35:35",
            "label": "Indirect free-kick",
            "position": "2135714",
            "team": "away",
            "visibility": "visible"
        },
        {
            "gameTime": "1 - 35:41",
            "label": "Ball out of play",
            "position": "2141561",
            "team": "not applicable",
            "visibility": "visible"
        },
        {
            "gameTime": "1 - 35:49",
            "label": "Clearance",
            "position": "2149810",
            "team": "home",
            "visibility": "visible"
        },
        {
            "gameTime": "1 - 36:48",
            "label": "Foul",
            "position": "2208442",
            "team": "home",
            "visibility": "visible"
        },
        {
            "gameTime": "1 - 37:13",
            "label": "Indirect free-kick",
            "position": "2233385",
            "team": "away",
            "visibility": "visible"
        },
        {
            "gameTime": "1 - 37:26",
            "label": "Ball out of play",
            "position": "2246669",
            "team": "not applicable",
            "visibility": "visible"
        },
        {
            "gameTime": "1 - 37:47",
            "label": "Throw-in",
            "position": "2267903",
            "team": "home",
            "visibility": "visible"
        },
        {
            "gameTime": "1 - 38:09",
            "label": "Shots on target",
            "position": "2289834",
            "team": "home",
            "visibility": "visible"
        },
        {
            "gameTime": "1 - 38:20",
            "label": "Shots off target",
            "position": "2300068",
            "team": "home",
            "visibility": "visible"
        },
        {
            "gameTime": "1 - 38:21",
            "label": "Ball out of play",
            "position": "2301148",
            "team": "not applicable",
            "visibility": "visible"
        },
        {
            "gameTime": "1 - 38:50",
            "label": "Clearance",
            "position": "2330722",
            "team": "away",
            "visibility": "visible"
        },
        {
            "gameTime": "1 - 39:17",
            "label": "Shots on target",
            "position": "2357689",
            "team": "home",
            "visibility": "visible"
        },
        {
            "gameTime": "1 - 39:19",
            "label": "Shots on target",
            "position": "2359131",
            "team": "home",
            "visibility": "visible"
        },
        {
            "gameTime": "1 - 39:38",
            "label": "Clearance",
            "position": "2378362",
            "team": "away",
            "visibility": "not shown"
        },
        {
            "gameTime": "1 - 39:43",
            "label": "Foul",
            "position": "2383121",
            "team": "away",
            "visibility": "not shown"
        },
        {
            "gameTime": "1 - 39:49",
            "label": "Indirect free-kick",
            "position": "2389056",
            "team": "home",
            "visibility": "not shown"
        },
        {
            "gameTime": "1 - 44:29",
            "label": "Shots off target",
            "position": "2669865",
            "team": "home",
            "visibility": "visible"
        },
        {
            "gameTime": "1 - 44:30",
            "label": "Ball out of play",
            "position": "2670425",
            "team": "not applicable",
            "visibility": "visible"
        },
        {
            "gameTime": "1 - 44:59",
            "label": "Clearance",
            "position": "2699716",
            "team": "away",
            "visibility": "visible"
        },
        {
            "gameTime": "1 - 45:08",
            "label": "Ball out of play",
            "position": "2708132",
            "team": "not applicable",
            "visibility": "visible"
        },
        {
            "gameTime": "1 - 45:14",
            "label": "Throw-in",
            "position": "2714414",
            "team": "home",
            "visibility": "visible"
        },
        {
            "gameTime": "1 - 46:12",
            "label": "Shots on target",
            "position": "2772186",
            "team": "home",
            "visibility": "visible"
        },
        {
            "gameTime": "1 - 46:12",
            "label": "Goal",
            "position": "2772960",
            "team": "home",
            "visibility": "visible"
        },
        {
            "gameTime": "1 - 46:51",
            "label": "Kick-off",
            "position": "2811136",
            "team": "away",
            "visibility": "not shown"
        },
        {
            "gameTime": "1 - 47:04",
            "label": "Shots on target",
            "position": "2824881",
            "team": "home",
            "visibility": "visible"
        },
        {
            "gameTime": "1 - 47:30",
            "label": "Foul",
            "position": "2850779",
            "team": "home",
            "visibility": "visible"
        },
        {
            "gameTime": "1 - 48:07",
            "label": "Indirect free-kick",
            "position": "2887128",
            "team": "away",
            "visibility": "visible"
        },
        {
            "gameTime": "1 - 48:34",
            "label": "Foul",
            "position": "2914301",
            "team": "away",
            "visibility": "visible"
        },
        {
            "gameTime": "1 - 49:03",
            "label": "Yellow card",
            "position": "2943966",
            "team": "away",
            "visibility": "visible"
        },
        {
            "gameTime": "1 - 49:46",
            "label": "Indirect free-kick",
            "position": "2986977",
            "team": "home",
            "visibility": "visible"
        },
        {
            "gameTime": "1 - 50:02",
            "label": "Ball out of play",
            "position": "3002986",
            "team": "not applicable",
            "visibility": "visible"
        },
        {
            "gameTime": "2 - 00:00",
            "label": "Substitution",
            "position": "25",
            "team": "home",
            "visibility": "not shown"
        },
        {
            "gameTime": "2 - 00:00",
            "label": "Kick-off",
            "position": "197",
            "team": "home",
            "visibility": "visible"
        },
        {
            "gameTime": "2 - 00:43",
            "label": "Shots off target",
            "position": "43525",
            "team": "away",
            "visibility": "visible"
        },
        {
            "gameTime": "2 - 00:44",
            "label": "Ball out of play",
            "position": "44525",
            "team": "not applicable",
            "visibility": "visible"
        },
        {
            "gameTime": "2 - 00:59",
            "label": "Clearance",
            "position": "59667",
            "team": "home",
            "visibility": "not shown"
        },
        {
            "gameTime": "2 - 02:00",
            "label": "Shots off target",
            "position": "120212",
            "team": "home",
            "visibility": "visible"
        },
        {
            "gameTime": "2 - 02:01",
            "label": "Ball out of play",
            "position": "121372",
            "team": "not applicable",
            "visibility": "visible"
        },
        {
            "gameTime": "2 - 02:25",
            "label": "Clearance",
            "position": "145944",
            "team": "away",
            "visibility": "visible"
        },
        {
            "gameTime": "2 - 02:32",
            "label": "Foul",
            "position": "152253",
            "team": "away",
            "visibility": "visible"
        },
        {
            "gameTime": "2 - 02:44",
            "label": "Indirect free-kick",
            "position": "164721",
            "team": "home",
            "visibility": "visible"
        },
        {
            "gameTime": "2 - 03:28",
            "label": "Ball out of play",
            "position": "208522",
            "team": "not applicable",
            "visibility": "visible"
        },
        {
            "gameTime": "2 - 03:34",
            "label": "Corner",
            "position": "214415",
            "team": "home",
            "visibility": "visible"
        },
        {
            "gameTime": "2 - 04:02",
            "label": "Ball out of play",
            "position": "242621",
            "team": "not applicable",
            "visibility": "visible"
        },
        {
            "gameTime": "2 - 04:26",
            "label": "Corner",
            "position": "266118",
            "team": "home",
            "visibility": "visible"
        },
        {
            "gameTime": "2 - 04:32",
            "label": "Foul",
            "position": "272515",
            "team": "home",
            "visibility": "visible"
        },
        {
            "gameTime": "2 - 05:03",
            "label": "Indirect free-kick",
            "position": "303228",
            "team": "away",
            "visibility": "visible"
        },
        {
            "gameTime": "2 - 06:30",
            "label": "Shots on target",
            "position": "390679",
            "team": "home",
            "visibility": "visible"
        },
        {
            "gameTime": "2 - 06:44",
            "label": "Ball out of play",
            "position": "404280",
            "team": "not applicable",
            "visibility": "visible"
        },
        {
            "gameTime": "2 - 07:06",
            "label": "Corner",
            "position": "426989",
            "team": "home",
            "visibility": "visible"
        },
        {
            "gameTime": "2 - 07:15",
            "label": "Shots on target",
            "position": "435117",
            "team": "home",
            "visibility": "visible"
        },
        {
            "gameTime": "2 - 07:59",
            "label": "Foul",
            "position": "479531",
            "team": "home",
            "visibility": "visible"
        },
        {
            "gameTime": "2 - 08:08",
            "label": "Yellow card",
            "position": "488320",
            "team": "home",
            "visibility": "visible"
        },
        {
            "gameTime": "2 - 08:39",
            "label": "Indirect free-kick",
            "position": "519573",
            "team": "away",
            "visibility": "visible"
        },
        {
            "gameTime": "2 - 09:20",
            "label": "Ball out of play",
            "position": "560686",
            "team": "not applicable",
            "visibility": "visible"
        },
        {
            "gameTime": "2 - 09:24",
            "label": "Throw-in",
            "position": "564029",
            "team": "home",
            "visibility": "visible"
        },
        {
            "gameTime": "2 - 09:51",
            "label": "Shots on target",
            "position": "591684",
            "team": "home",
            "visibility": "visible"
        },
        {
            "gameTime": "2 - 10:17",
            "label": "Shots on target",
            "position": "617692",
            "team": "home",
            "visibility": "visible"
        },
        {
            "gameTime": "2 - 10:59",
            "label": "Ball out of play",
            "position": "659693",
            "team": "not applicable",
            "visibility": "visible"
        },
        {
            "gameTime": "2 - 11:30",
            "label": "Clearance",
            "position": "690667",
            "team": "away",
            "visibility": "visible"
        },
        {
            "gameTime": "2 - 11:44",
            "label": "Foul",
            "position": "704921",
            "team": "home",
            "visibility": "visible"
        },
        {
            "gameTime": "2 - 12:02",
            "label": "Indirect free-kick",
            "position": "722674",
            "team": "away",
            "visibility": "visible"
        },
        {
            "gameTime": "2 - 12:08",
            "label": "Shots off target",
            "position": "728627",
            "team": "away",
            "visibility": "visible"
        },
        {
            "gameTime": "2 - 12:12",
            "label": "Ball out of play",
            "position": "732819",
            "team": "not applicable",
            "visibility": "visible"
        },
        {
            "gameTime": "2 - 12:27",
            "label": "Clearance",
            "position": "747164",
            "team": "home",
            "visibility": "not shown"
        },
        {
            "gameTime": "2 - 12:35",
            "label": "Ball out of play",
            "position": "755618",
            "team": "not applicable",
            "visibility": "visible"
        },
        {
            "gameTime": "2 - 12:52",
            "label": "Throw-in",
            "position": "772490",
            "team": "away",
            "visibility": "not shown"
        },
        {
            "gameTime": "2 - 12:57",
            "label": "Ball out of play",
            "position": "777143",
            "team": "not applicable",
            "visibility": "visible"
        },
        {
            "gameTime": "2 - 12:59",
            "label": "Throw-in",
            "position": "779289",
            "team": "home",
            "visibility": "visible"
        },
        {
            "gameTime": "2 - 13:39",
            "label": "Shots off target",
            "position": "819983",
            "team": "home",
            "visibility": "visible"
        },
        {
            "gameTime": "2 - 14:02",
            "label": "Shots off target",
            "position": "842874",
            "team": "home",
            "visibility": "visible"
        },
        {
            "gameTime": "2 - 14:03",
            "label": "Ball out of play",
            "position": "843834",
            "team": "not applicable",
            "visibility": "visible"
        },
        {
            "gameTime": "2 - 14:38",
            "label": "Substitution",
            "position": "878080",
            "team": "away",
            "visibility": "visible"
        },
        {
            "gameTime": "2 - 14:54",
            "label": "Clearance",
            "position": "894936",
            "team": "away",
            "visibility": "visible"
        },
        {
            "gameTime": "2 - 15:46",
            "label": "Shots on target",
            "position": "946036",
            "team": "home",
            "visibility": "visible"
        },
        {
            "gameTime": "2 - 15:47",
            "label": "Ball out of play",
            "position": "947756",
            "team": "not applicable",
            "visibility": "visible"
        },
        {
            "gameTime": "2 - 16:03",
            "label": "Corner",
            "position": "963265",
            "team": "home",
            "visibility": "visible"
        },
        {
            "gameTime": "2 - 17:01",
            "label": "Ball out of play",
            "position": "1021634",
            "team": "not applicable",
            "visibility": "visible"
        },
        {
            "gameTime": "2 - 17:05",
            "label": "Throw-in",
            "position": "1025514",
            "team": "home",
            "visibility": "visible"
        },
        {
            "gameTime": "2 - 17:22",
            "label": "Shots off target",
            "position": "1042041",
            "team": "home",
            "visibility": "visible"
        },
        {
            "gameTime": "2 - 17:22",
            "label": "Ball out of play",
            "position": "1042681",
            "team": "not applicable",
            "visibility": "visible"
        },
        {
            "gameTime": "2 - 17:52",
            "label": "Clearance",
            "position": "1072413",
            "team": "away",
            "visibility": "not shown"
        },
        {
            "gameTime": "2 - 18:09",
            "label": "Ball out of play",
            "position": "1089154",
            "team": "not applicable",
            "visibility": "visible"
        },
        {
            "gameTime": "2 - 18:28",
            "label": "Throw-in",
            "position": "1108456",
            "team": "away",
            "visibility": "not shown"
        },
        {
            "gameTime": "2 - 18:43",
            "label": "Ball out of play",
            "position": "1123914",
            "team": "not applicable",
            "visibility": "visible"
        },
        {
            "gameTime": "2 - 18:54",
            "label": "Throw-in",
            "position": "1134869",
            "team": "home",
            "visibility": "not shown"
        },
        {
            "gameTime": "2 - 19:25",
            "label": "Shots on target",
            "position": "1165475",
            "team": "home",
            "visibility": "visible"
        },
        {
            "gameTime": "2 - 19:41",
            "label": "Shots off target",
            "position": "1181276",
            "team": "home",
            "visibility": "visible"
        },
        {
            "gameTime": "2 - 19:41",
            "label": "Ball out of play",
            "position": "1181778",
            "team": "not applicable",
            "visibility": "visible"
        },
        {
            "gameTime": "2 - 20:18",
            "label": "Substitution",
            "position": "1218720",
            "team": "home",
            "visibility": "visible"
        },
        {
            "gameTime": "2 - 20:37",
            "label": "Corner",
            "position": "1237744",
            "team": "home",
            "visibility": "visible"
        },
        {
            "gameTime": "2 - 20:52",
            "label": "Ball out of play",
            "position": "1252783",
            "team": "not applicable",
            "visibility": "visible"
        },
        {
            "gameTime": "2 - 21:05",
            "label": "Corner",
            "position": "1265319",
            "team": "home",
            "visibility": "visible"
        },
        {
            "gameTime": "2 - 22:02",
            "label": "Ball out of play",
            "position": "1322553",
            "team": "not applicable",
            "visibility": "not shown"
        },
        {
            "gameTime": "2 - 22:15",
            "label": "Throw-in",
            "position": "1335656",
            "team": "home",
            "visibility": "visible"
        },
        {
            "gameTime": "2 - 22:51",
            "label": "Shots on target",
            "position": "1371656",
            "team": "home",
            "visibility": "visible"
        },
        {
            "gameTime": "2 - 22:53",
            "label": "Shots on target",
            "position": "1373337",
            "team": "home",
            "visibility": "visible"
        },
        {
            "gameTime": "2 - 22:53",
            "label": "Ball out of play",
            "position": "1373857",
            "team": "not applicable",
            "visibility": "visible"
        },
        {
            "gameTime": "2 - 23:51",
            "label": "Substitution",
            "position": "1431240",
            "team": "away",
            "visibility": "visible"
        },
        {
            "gameTime": "2 - 24:03",
            "label": "Corner",
            "position": "1443945",
            "team": "home",
            "visibility": "visible"
        },
        {
            "gameTime": "2 - 24:22",
            "label": "Ball out of play",
            "position": "1462811",
            "team": "not applicable",
            "visibility": "visible"
        },
        {
            "gameTime": "2 - 24:43",
            "label": "Corner",
            "position": "1483671",
            "team": "home",
            "visibility": "visible"
        },
        {
            "gameTime": "2 - 24:50",
            "label": "Ball out of play",
            "position": "1490998",
            "team": "not applicable",
            "visibility": "visible"
        },
        {
            "gameTime": "2 - 25:03",
            "label": "Throw-in",
            "position": "1503387",
            "team": "home",
            "visibility": "not shown"
        },
        {
            "gameTime": "2 - 25:23",
            "label": "Ball out of play",
            "position": "1523816",
            "team": "not applicable",
            "visibility": "visible"
        },
        {
            "gameTime": "2 - 25:42",
            "label": "Throw-in",
            "position": "1542715",
            "team": "away",
            "visibility": "visible"
        },
        {
            "gameTime": "2 - 27:16",
            "label": "Shots on target",
            "position": "1636160",
            "team": "home",
            "visibility": "visible"
        },
        {
            "gameTime": "2 - 27:31",
            "label": "Ball out of play",
            "position": "1651843",
            "team": "not applicable",
            "visibility": "visible"
        },
        {
            "gameTime": "2 - 27:51",
            "label": "Corner",
            "position": "1671060",
            "team": "home",
            "visibility": "visible"
        },
        {
            "gameTime": "2 - 27:57",
            "label": "Ball out of play",
            "position": "1677360",
            "team": "not applicable",
            "visibility": "visible"
        },
        {
            "gameTime": "2 - 28:01",
            "label": "Throw-in",
            "position": "1681363",
            "team": "home",
            "visibility": "not shown"
        },
        {
            "gameTime": "2 - 28:27",
            "label": "Foul",
            "position": "1707561",
            "team": "home",
            "visibility": "visible"
        },
        {
            "gameTime": "2 - 29:05",
            "label": "Indirect free-kick",
            "position": "1745682",
            "team": "away",
            "visibility": "visible"
        },
        {
            "gameTime": "2 - 29:17",
            "label": "Ball out of play",
            "position": "1757622",
            "team": "not applicable",
            "visibility": "visible"
        },
        {
            "gameTime": "2 - 29:25",
            "label": "Clearance",
            "position": "1765668",
            "team": "home",
            "visibility": "not shown"
        },
        {
            "gameTime": "2 - 29:51",
            "label": "Ball out of play",
            "position": "1791544",
            "team": "not applicable",
            "visibility": "visible"
        },
        {
            "gameTime": "2 - 30:25",
            "label": "Clearance",
            "position": "1825029",
            "team": "away",
            "visibility": "not shown"
        },
        {
            "gameTime": "2 - 31:28",
            "label": "Ball out of play",
            "position": "1888650",
            "team": "not applicable",
            "visibility": "visible"
        },
        {
            "gameTime": "2 - 33:01",
            "label": "Throw-in",
            "position": "1981863",
            "team": "home",
            "visibility": "visible"
        },
        {
            "gameTime": "2 - 34:12",
            "label": "Foul",
            "position": "2052052",
            "team": "home",
            "visibility": "visible"
        },
        {
            "gameTime": "2 - 34:49",
            "label": "Indirect free-kick",
            "position": "2089361",
            "team": "away",
            "visibility": "visible"
        },
        {
            "gameTime": "2 - 35:27",
            "label": "Ball out of play",
            "position": "2127457",
            "team": "not applicable",
            "visibility": "visible"
        },
        {
            "gameTime": "2 - 35:45",
            "label": "Corner",
            "position": "2145298",
            "team": "home",
            "visibility": "visible"
        },
        {
            "gameTime": "2 - 35:48",
            "label": "Shots off target",
            "position": "2148853",
            "team": "home",
            "visibility": "visible"
        },
        {
            "gameTime": "2 - 35:49",
            "label": "Ball out of play",
            "position": "2149533",
            "team": "not applicable",
            "visibility": "visible"
        },
        {
            "gameTime": "2 - 36:20",
            "label": "Clearance",
            "position": "2180471",
            "team": "away",
            "visibility": "visible"
        },
        {
            "gameTime": "2 - 37:30",
            "label": "Shots on target",
            "position": "2250660",
            "team": "home",
            "visibility": "visible"
        },
        {
            "gameTime": "2 - 38:07",
            "label": "Shots on target",
            "position": "2287051",
            "team": "home",
            "visibility": "visible"
        },
        {
            "gameTime": "2 - 38:23",
            "label": "Ball out of play",
            "position": "2303218",
            "team": "not applicable",
            "visibility": "not shown"
        },
        {
            "gameTime": "2 - 38:47",
            "label": "Substitution",
            "position": "2327520",
            "team": "home",
            "visibility": "visible"
        },
        {
            "gameTime": "2 - 39:39",
            "label": "Substitution",
            "position": "2379505",
            "team": "away",
            "visibility": "visible"
        },
        {
            "gameTime": "2 - 39:53",
            "label": "Corner",
            "position": "2393711",
            "team": "home",
            "visibility": "visible"
        },
        {
            "gameTime": "2 - 39:55",
            "label": "Shots on target",
            "position": "2395005",
            "team": "home",
            "visibility": "visible"
        },
        {
            "gameTime": "2 - 39:55",
            "label": "Ball out of play",
            "position": "2395525",
            "team": "not applicable",
            "visibility": "visible"
        },
        {
            "gameTime": "2 - 40:06",
            "label": "Corner",
            "position": "2406805",
            "team": "home",
            "visibility": "not shown"
        },
        {
            "gameTime": "2 - 40:15",
            "label": "Ball out of play",
            "position": "2415151",
            "team": "not applicable",
            "visibility": "visible"
        },
        {
            "gameTime": "2 - 40:17",
            "label": "Throw-in",
            "position": "2417526",
            "team": "home",
            "visibility": "visible"
        },
        {
            "gameTime": "2 - 42:48",
            "label": "Foul",
            "position": "2568262",
            "team": "home",
            "visibility": "visible"
        },
        {
            "gameTime": "2 - 43:31",
            "label": "Indirect free-kick",
            "position": "2611525",
            "team": "away",
            "visibility": "visible"
        },
        {
            "gameTime": "2 - 43:38",
            "label": "Shots on target",
            "position": "2618261",
            "team": "away",
            "visibility": "visible"
        },
        {
            "gameTime": "2 - 43:42",
            "label": "Ball out of play",
            "position": "2622178",
            "team": "not applicable",
            "visibility": "visible"
        },
        {
            "gameTime": "2 - 44:08",
            "label": "Corner",
            "position": "2648757",
            "team": "away",
            "visibility": "visible"
        },
        {
            "gameTime": "2 - 44:12",
            "label": "Foul",
            "position": "2652949",
            "team": "away",
            "visibility": "visible"
        },
        {
            "gameTime": "2 - 44:31",
            "label": "Indirect free-kick",
            "position": "2671747",
            "team": "home",
            "visibility": "not shown"
        }
    ],
    "gameAwayTeam": "West Ham",
    "gameDate": "19/09/2015 - 19:30",
    "gameHomeTeam": "Manchester City",
    "gameScore": "1 - 2"
}