{
    "UrlLocal": "england_epl/2015-2016/2015-08-29 - 17-00 Manchester City 2 - 0 Watford/",
    "UrlYoutube": "",
    "annotations": [
        {
            "gameTime": "1 - 00:00",
            "label": "Kick-off",
            "position": "25",
            "team": "away",
            "visibility": "visible"
        },
        {
            "gameTime": "1 - 01:10",
            "label": "Ball out of play",
            "position": "70822",
            "team": "not applicable",
            "visibility": "visible"
        },
        {
            "gameTime": "1 - 01:30",
            "label": "Corner",
            "position": "90488",
            "team": "home",
            "visibility": "visible"
        },
        {
            "gameTime": "1 - 03:59",
            "label": "Foul",
            "position": "239569",
            "team": "home",
            "visibility": "visible"
        },
        {
            "gameTime": "1 - 04:28",
            "label": "Indirect free-kick",
            "position": "268250",
            "team": "away",
            "visibility": "not shown"
        },
        {
            "gameTime": "1 - 05:39",
            "label": "Ball out of play",
            "position": "339116",
            "team": "not applicable",
            "visibility": "visible"
        },
        {
            "gameTime": "1 - 05:42",
            "label": "Throw-in",
            "position": "342989",
            "team": "home",
            "visibility": "not shown"
        },
        {
            "gameTime": "1 - 08:45",
            "label": "Shots on target",
            "position": "525814",
            "team": "home",
            "visibility": "visible"
        },
        {
            "gameTime": "1 - 09:18",
            "label": "Ball out of play",
            "position": "558963",
            "team": "not applicable",
            "visibility": "visible"
        },
        {
            "gameTime": "1 - 09:44",
            "label": "Clearance",
            "position": "584922",
            "team": "away",
            "visibility": "not shown"
        },
        {
            "gameTime": "1 - 10:32",
            "label": "Foul",
            "position": "632892",
            "team": "away",
            "visibility": "visible"
        },
        {
            "gameTime": "1 - 10:50",
            "label": "Indirect free-kick",
            "position": "650262",
            "team": "home",
            "visibility": "not shown"
        },
        {
            "gameTime": "1 - 12:02",
            "label": "Ball out of play",
            "position": "722036",
            "team": "not applicable",
            "visibility": "visible"
        },
        {
            "gameTime": "1 - 12:11",
            "label": "Throw-in",
            "position": "731833",
            "team": "home",
            "visibility": "visible"
        },
        {
            "gameTime": "1 - 12:42",
            "label": "Offside",
            "position": "762892",
            "team": "home",
            "visibility": "visible"
        },
        {
            "gameTime": "1 - 13:03",
            "label": "Indirect free-kick",
            "position": "783341",
            "team": "away",
            "visibility": "not shown"
        },
        {
            "gameTime": "1 - 13:22",
            "label": "Ball out of play",
            "position": "802916",
            "team": "not applicable",
            "visibility": "visible"
        },
        {
            "gameTime": "1 - 13:49",
            "label": "Corner",
            "position": "829790",
            "team": "away",
            "visibility": "not shown"
        },
        {
            "gameTime": "1 - 13:52",
            "label": "Shots on target",
            "position": "832633",
            "team": "away",
            "visibility": "visible"
        },
        {
            "gameTime": "1 - 13:53",
            "label": "Shots on target",
            "position": "833913",
            "team": "away",
            "visibility": "visible"
        },
        {
            "gameTime": "1 - 13:54",
            "label": "Ball out of play",
            "position": "834793",
            "team": "not applicable",
            "visibility": "visible"
        },
        {
            "gameTime": "1 - 14:20",
            "label": "Corner",
            "position": "860010",
            "team": "away",
            "visibility": "visible"
        },
        {
            "gameTime": "1 - 14:36",
            "label": "Foul",
            "position": "876724",
            "team": "away",
            "visibility": "visible"
        },
        {
            "gameTime": "1 - 14:54",
            "label": "Indirect free-kick",
            "position": "894975",
            "team": "home",
            "visibility": "not shown"
        },
        {
            "gameTime": "1 - 15:13",
            "label": "Ball out of play",
            "position": "913418",
            "team": "not applicable",
            "visibility": "visible"
        },
        {
            "gameTime": "1 - 15:35",
            "label": "Corner",
            "position": "935844",
            "team": "home",
            "visibility": "visible"
        },
        {
            "gameTime": "1 - 16:37",
            "label": "Ball out of play",
            "position": "997336",
            "team": "not applicable",
            "visibility": "visible"
        },
        {
            "gameTime": "1 - 17:01",
            "label": "Corner",
            "position": "1021425",
            "team": "home",
            "visibility": "visible"
        },
        {
            "gameTime": "1 - 17:23",
            "label": "Foul",
            "position": "1043924",
            "team": "home",
            "visibility": "visible"
        },
        {
            "gameTime": "1 - 18:05",
            "label": "Indirect free-kick",
            "position": "1085736",
            "team": "away",
            "visibility": "visible"
        },
        {
            "gameTime": "1 - 18:22",
            "label": "Ball out of play",
            "position": "1102688",
            "team": "not applicable",
            "visibility": "visible"
        },
        {
            "gameTime": "1 - 18:41",
            "label": "Throw-in",
            "position": "1121080",
            "team": "away",
            "visibility": "not shown"
        },
        {
            "gameTime": "1 - 19:20",
            "label": "Foul",
            "position": "1160148",
            "team": "away",
            "visibility": "visible"
        },
        {
            "gameTime": "1 - 20:20",
            "label": "Direct free-kick",
            "position": "1220625",
            "team": "home",
            "visibility": "visible"
        },
        {
            "gameTime": "1 - 20:21",
            "label": "Ball out of play",
            "position": "1221579",
            "team": "not applicable",
            "visibility": "visible"
        },
        {
            "gameTime": "1 - 20:36",
            "label": "Clearance",
            "position": "1236429",
            "team": "away",
            "visibility": "not shown"
        },
        {
            "gameTime": "1 - 22:20",
            "label": "Foul",
            "position": "1340011",
            "team": "away",
            "visibility": "visible"
        },
        {
            "gameTime": "1 - 22:48",
            "label": "Indirect free-kick",
            "position": "1368602",
            "team": "home",
            "visibility": "visible"
        },
        {
            "gameTime": "1 - 23:27",
            "label": "Shots on target",
            "position": "1407153",
            "team": "home",
            "visibility": "visible"
        },
        {
            "gameTime": "1 - 23:27",
            "label": "Ball out of play",
            "position": "1407712",
            "team": "not applicable",
            "visibility": "visible"
        },
        {
            "gameTime": "1 - 23:54",
            "label": "Corner",
            "position": "1434192",
            "team": "home",
            "visibility": "visible"
        },
        {
            "gameTime": "1 - 23:54",
            "label": "Ball out of play",
            "position": "1434862",
            "team": "not applicable",
            "visibility": "visible"
        },
        {
            "gameTime": "1 - 24:31",
            "label": "Clearance",
            "position": "1471960",
            "team": "away",
            "visibility": "visible"
        },
        {
            "gameTime": "1 - 26:02",
            "label": "Ball out of play",
            "position": "1562321",
            "team": "not applicable",
            "visibility": "visible"
        },
        {
            "gameTime": "1 - 26:27",
            "label": "Corner",
            "position": "1587391",
            "team": "home",
            "visibility": "visible"
        },
        {
            "gameTime": "1 - 26:32",
            "label": "Shots on target",
            "position": "1592567",
            "team": "home",
            "visibility": "visible"
        },
        {
            "gameTime": "1 - 26:53",
            "label": "Shots on target",
            "position": "1613943",
            "team": "home",
            "visibility": "visible"
        },
        {
            "gameTime": "1 - 26:55",
            "label": "Ball out of play",
            "position": "1615023",
            "team": "not applicable",
            "visibility": "visible"
        },
        {
            "gameTime": "1 - 27:14",
            "label": "Corner",
            "position": "1634514",
            "team": "home",
            "visibility": "not shown"
        },
        {
            "gameTime": "1 - 28:02",
            "label": "Foul",
            "position": "1682630",
            "team": "away",
            "visibility": "visible"
        },
        {
            "gameTime": "1 - 28:35",
            "label": "Direct free-kick",
            "position": "1715730",
            "team": "home",
            "visibility": "visible"
        },
        {
            "gameTime": "1 - 29:23",
            "label": "Ball out of play",
            "position": "1763832",
            "team": "not applicable",
            "visibility": "visible"
        },
        {
            "gameTime": "1 - 29:42",
            "label": "Throw-in",
            "position": "1782440",
            "team": "home",
            "visibility": "visible"
        },
        {
            "gameTime": "1 - 30:00",
            "label": "Ball out of play",
            "position": "1800282",
            "team": "not applicable",
            "visibility": "visible"
        },
        {
            "gameTime": "1 - 30:11",
            "label": "Throw-in",
            "position": "1811432",
            "team": "home",
            "visibility": "visible"
        },
        {
            "gameTime": "1 - 30:27",
            "label": "Foul",
            "position": "1827882",
            "team": "home",
            "visibility": "visible"
        },
        {
            "gameTime": "1 - 30:59",
            "label": "Indirect free-kick",
            "position": "1859814",
            "team": "away",
            "visibility": "visible"
        },
        {
            "gameTime": "1 - 33:53",
            "label": "Shots on target",
            "position": "2033519",
            "team": "home",
            "visibility": "visible"
        },
        {
            "gameTime": "1 - 34:24",
            "label": "Ball out of play",
            "position": "2064632",
            "team": "not applicable",
            "visibility": "visible"
        },
        {
            "gameTime": "1 - 34:35",
            "label": "Throw-in",
            "position": "2075446",
            "team": "home",
            "visibility": "visible"
        },
        {
            "gameTime": "1 - 34:45",
            "label": "Ball out of play",
            "position": "2085058",
            "team": "not applicable",
            "visibility": "visible"
        },
        {
            "gameTime": "1 - 35:16",
            "label": "Clearance",
            "position": "2116910",
            "team": "away",
            "visibility": "not shown"
        },
        {
            "gameTime": "1 - 37:43",
            "label": "Foul",
            "position": "2263593",
            "team": "away",
            "visibility": "visible"
        },
        {
            "gameTime": "1 - 37:59",
            "label": "Indirect free-kick",
            "position": "2279226",
            "team": "home",
            "visibility": "not shown"
        },
        {
            "gameTime": "1 - 38:31",
            "label": "Shots off target",
            "position": "2311744",
            "team": "home",
            "visibility": "visible"
        },
        {
            "gameTime": "1 - 38:32",
            "label": "Ball out of play",
            "position": "2312384",
            "team": "not applicable",
            "visibility": "visible"
        },
        {
            "gameTime": "1 - 39:01",
            "label": "Clearance",
            "position": "2341561",
            "team": "away",
            "visibility": "not shown"
        },
        {
            "gameTime": "1 - 39:10",
            "label": "Foul",
            "position": "2350587",
            "team": "home",
            "visibility": "visible"
        },
        {
            "gameTime": "1 - 39:22",
            "label": "Yellow card",
            "position": "2362590",
            "team": "home",
            "visibility": "visible"
        },
        {
            "gameTime": "1 - 39:46",
            "label": "Direct free-kick",
            "position": "2386786",
            "team": "away",
            "visibility": "visible"
        },
        {
            "gameTime": "1 - 40:38",
            "label": "Ball out of play",
            "position": "2438036",
            "team": "not applicable",
            "visibility": "visible"
        },
        {
            "gameTime": "1 - 41:01",
            "label": "Throw-in",
            "position": "2461774",
            "team": "away",
            "visibility": "visible"
        },
        {
            "gameTime": "1 - 41:06",
            "label": "Ball out of play",
            "position": "2466422",
            "team": "not applicable",
            "visibility": "visible"
        },
        {
            "gameTime": "1 - 41:21",
            "label": "Throw-in",
            "position": "2481977",
            "team": "home",
            "visibility": "not shown"
        },
        {
            "gameTime": "1 - 41:35",
            "label": "Ball out of play",
            "position": "2495787",
            "team": "not applicable",
            "visibility": "visible"
        },
        {
            "gameTime": "1 - 41:57",
            "label": "Throw-in",
            "position": "2517157",
            "team": "away",
            "visibility": "visible"
        },
        {
            "gameTime": "1 - 42:50",
            "label": "Foul",
            "position": "2570247",
            "team": "away",
            "visibility": "visible"
        },
        {
            "gameTime": "1 - 42:59",
            "label": "Yellow card",
            "position": "2579162",
            "team": "away",
            "visibility": "visible"
        },
        {
            "gameTime": "1 - 43:15",
            "label": "Indirect free-kick",
            "position": "2595133",
            "team": "home",
            "visibility": "not shown"
        },
        {
            "gameTime": "1 - 43:22",
            "label": "Shots off target",
            "position": "2602513",
            "team": "home",
            "visibility": "visible"
        },
        {
            "gameTime": "1 - 43:25",
            "label": "Ball out of play",
            "position": "2605231",
            "team": "not applicable",
            "visibility": "visible"
        },
        {
            "gameTime": "1 - 43:43",
            "label": "Throw-in",
            "position": "2623329",
            "team": "away",
            "visibility": "visible"
        },
        {
            "gameTime": "2 - 00:00",
            "label": "Substitution",
            "position": "0",
            "team": "home",
            "visibility": "not shown"
        },
        {
            "gameTime": "2 - 00:00",
            "label": "Kick-off",
            "position": "38",
            "team": "home",
            "visibility": "visible"
        },
        {
            "gameTime": "2 - 01:28",
            "label": "Shots on target",
            "position": "88105",
            "team": "home",
            "visibility": "visible"
        },
        {
            "gameTime": "2 - 01:28",
            "label": "Goal",
            "position": "88440",
            "team": "home",
            "visibility": "visible"
        },
        {
            "gameTime": "2 - 02:21",
            "label": "Kick-off",
            "position": "141668",
            "team": "away",
            "visibility": "not shown"
        },
        {
            "gameTime": "2 - 02:58",
            "label": "Ball out of play",
            "position": "178037",
            "team": "not applicable",
            "visibility": "visible"
        },
        {
            "gameTime": "2 - 03:24",
            "label": "Clearance",
            "position": "204210",
            "team": "away",
            "visibility": "visible"
        },
        {
            "gameTime": "2 - 04:37",
            "label": "Offside",
            "position": "277218",
            "team": "away",
            "visibility": "visible"
        },
        {
            "gameTime": "2 - 04:53",
            "label": "Indirect free-kick",
            "position": "293504",
            "team": "home",
            "visibility": "not shown"
        },
        {
            "gameTime": "2 - 05:20",
            "label": "Foul",
            "position": "320382",
            "team": "home",
            "visibility": "visible"
        },
        {
            "gameTime": "2 - 05:45",
            "label": "Indirect free-kick",
            "position": "345635",
            "team": "away",
            "visibility": "visible"
        },
        {
            "gameTime": "2 - 06:22",
            "label": "Ball out of play",
            "position": "382336",
            "team": "not applicable",
            "visibility": "visible"
        },
        {
            "gameTime": "2 - 06:44",
            "label": "Corner",
            "position": "404855",
            "team": "home",
            "visibility": "visible"
        },
        {
            "gameTime": "2 - 07:40",
            "label": "Foul",
            "position": "460258",
            "team": "away",
            "visibility": "visible"
        },
        {
            "gameTime": "2 - 08:13",
            "label": "Direct free-kick",
            "position": "493692",
            "team": "home",
            "visibility": "visible"
        },
        {
            "gameTime": "2 - 08:59",
            "label": "Foul",
            "position": "539200",
            "team": "away",
            "visibility": "visible"
        },
        {
            "gameTime": "2 - 10:02",
            "label": "Direct free-kick",
            "position": "602988",
            "team": "home",
            "visibility": "visible"
        },
        {
            "gameTime": "2 - 10:03",
            "label": "Shots on target",
            "position": "603014",
            "team": "home",
            "visibility": "visible"
        },
        {
            "gameTime": "2 - 10:09",
            "label": "Shots on target",
            "position": "609373",
            "team": "home",
            "visibility": "visible"
        },
        {
            "gameTime": "2 - 10:09",
            "label": "Goal",
            "position": "609840",
            "team": "home",
            "visibility": "visible"
        },
        {
            "gameTime": "2 - 11:07",
            "label": "Kick-off",
            "position": "667836",
            "team": "away",
            "visibility": "not shown"
        },
        {
            "gameTime": "2 - 11:38",
            "label": "Ball out of play",
            "position": "698119",
            "team": "not applicable",
            "visibility": "visible"
        },
        {
            "gameTime": "2 - 11:47",
            "label": "Throw-in",
            "position": "707754",
            "team": "home",
            "visibility": "not shown"
        },
        {
            "gameTime": "2 - 11:58",
            "label": "Ball out of play",
            "position": "718730",
            "team": "not applicable",
            "visibility": "visible"
        },
        {
            "gameTime": "2 - 12:09",
            "label": "Throw-in",
            "position": "729619",
            "team": "away",
            "visibility": "visible"
        },
        {
            "gameTime": "2 - 12:55",
            "label": "Shots on target",
            "position": "775515",
            "team": "home",
            "visibility": "visible"
        },
        {
            "gameTime": "2 - 13:40",
            "label": "Ball out of play",
            "position": "820256",
            "team": "not applicable",
            "visibility": "visible"
        },
        {
            "gameTime": "2 - 14:02",
            "label": "Corner",
            "position": "842729",
            "team": "home",
            "visibility": "visible"
        },
        {
            "gameTime": "2 - 14:03",
            "label": "Shots off target",
            "position": "843760",
            "team": "home",
            "visibility": "visible"
        },
        {
            "gameTime": "2 - 14:04",
            "label": "Ball out of play",
            "position": "844000",
            "team": "not applicable",
            "visibility": "visible"
        },
        {
            "gameTime": "2 - 14:29",
            "label": "Clearance",
            "position": "869262",
            "team": "away",
            "visibility": "not shown"
        },
        {
            "gameTime": "2 - 15:18",
            "label": "Ball out of play",
            "position": "918837",
            "team": "not applicable",
            "visibility": "visible"
        },
        {
            "gameTime": "2 - 15:39",
            "label": "Throw-in",
            "position": "939043",
            "team": "home",
            "visibility": "visible"
        },
        {
            "gameTime": "2 - 15:48",
            "label": "Shots off target",
            "position": "948361",
            "team": "home",
            "visibility": "visible"
        },
        {
            "gameTime": "2 - 15:49",
            "label": "Ball out of play",
            "position": "949721",
            "team": "not applicable",
            "visibility": "visible"
        },
        {
            "gameTime": "2 - 16:19",
            "label": "Clearance",
            "position": "979116",
            "team": "away",
            "visibility": "visible"
        },
        {
            "gameTime": "2 - 16:26",
            "label": "Foul",
            "position": "986026",
            "team": "away",
            "visibility": "visible"
        },
        {
            "gameTime": "2 - 17:01",
            "label": "Substitution",
            "position": "1021116",
            "team": "away",
            "visibility": "visible"
        },
        {
            "gameTime": "2 - 17:14",
            "label": "Indirect free-kick",
            "position": "1034467",
            "team": "home",
            "visibility": "visible"
        },
        {
            "gameTime": "2 - 17:38",
            "label": "Foul",
            "position": "1058128",
            "team": "away",
            "visibility": "visible"
        },
        {
            "gameTime": "2 - 17:49",
            "label": "Yellow card",
            "position": "1069075",
            "team": "away",
            "visibility": "visible"
        },
        {
            "gameTime": "2 - 18:40",
            "label": "Shots off target",
            "position": "1120366",
            "team": "home",
            "visibility": "visible"
        },
        {
            "gameTime": "2 - 18:40",
            "label": "Direct free-kick",
            "position": "1120367",
            "team": "home",
            "visibility": "visible"
        },
        {
            "gameTime": "2 - 18:41",
            "label": "Ball out of play",
            "position": "1121446",
            "team": "not applicable",
            "visibility": "visible"
        },
        {
            "gameTime": "2 - 19:06",
            "label": "Clearance",
            "position": "1146332",
            "team": "away",
            "visibility": "visible"
        },
        {
            "gameTime": "2 - 19:32",
            "label": "Ball out of play",
            "position": "1172512",
            "team": "not applicable",
            "visibility": "visible"
        },
        {
            "gameTime": "2 - 19:41",
            "label": "Throw-in",
            "position": "1181589",
            "team": "away",
            "visibility": "visible"
        },
        {
            "gameTime": "2 - 20:20",
            "label": "Ball out of play",
            "position": "1220278",
            "team": "not applicable",
            "visibility": "visible"
        },
        {
            "gameTime": "2 - 20:49",
            "label": "Clearance",
            "position": "1249898",
            "team": "away",
            "visibility": "visible"
        },
        {
            "gameTime": "2 - 21:00",
            "label": "Shots on target",
            "position": "1260935",
            "team": "away",
            "visibility": "visible"
        },
        {
            "gameTime": "2 - 21:01",
            "label": "Ball out of play",
            "position": "1261681",
            "team": "not applicable",
            "visibility": "visible"
        },
        {
            "gameTime": "2 - 21:24",
            "label": "Corner",
            "position": "1284469",
            "team": "away",
            "visibility": "visible"
        },
        {
            "gameTime": "2 - 21:50",
            "label": "Foul",
            "position": "1310896",
            "team": "home",
            "visibility": "visible"
        },
        {
            "gameTime": "2 - 22:01",
            "label": "Indirect free-kick",
            "position": "1321728",
            "team": "away",
            "visibility": "not shown"
        },
        {
            "gameTime": "2 - 22:31",
            "label": "Shots off target",
            "position": "1351587",
            "team": "home",
            "visibility": "visible"
        },
        {
            "gameTime": "2 - 22:32",
            "label": "Ball out of play",
            "position": "1352547",
            "team": "not applicable",
            "visibility": "visible"
        },
        {
            "gameTime": "2 - 22:59",
            "label": "Clearance",
            "position": "1379444",
            "team": "away",
            "visibility": "not shown"
        },
        {
            "gameTime": "2 - 23:04",
            "label": "Ball out of play",
            "position": "1384898",
            "team": "not applicable",
            "visibility": "visible"
        },
        {
            "gameTime": "2 - 23:13",
            "label": "Throw-in",
            "position": "1393913",
            "team": "home",
            "visibility": "visible"
        },
        {
            "gameTime": "2 - 25:51",
            "label": "Ball out of play",
            "position": "1551429",
            "team": "not applicable",
            "visibility": "visible"
        },
        {
            "gameTime": "2 - 26:30",
            "label": "Substitution",
            "position": "1590080",
            "team": "away",
            "visibility": "visible"
        },
        {
            "gameTime": "2 - 26:43",
            "label": "Throw-in",
            "position": "1603262",
            "team": "away",
            "visibility": "visible"
        },
        {
            "gameTime": "2 - 27:41",
            "label": "Shots off target",
            "position": "1661386",
            "team": "away",
            "visibility": "visible"
        },
        {
            "gameTime": "2 - 27:45",
            "label": "Ball out of play",
            "position": "1665045",
            "team": "not applicable",
            "visibility": "visible"
        },
        {
            "gameTime": "2 - 27:48",
            "label": "Throw-in",
            "position": "1668228",
            "team": "away",
            "visibility": "visible"
        },
        {
            "gameTime": "2 - 28:37",
            "label": "Ball out of play",
            "position": "1717181",
            "team": "not applicable",
            "visibility": "visible"
        },
        {
            "gameTime": "2 - 29:12",
            "label": "Substitution",
            "position": "1752160",
            "team": "home",
            "visibility": "visible"
        },
        {
            "gameTime": "2 - 29:25",
            "label": "Throw-in",
            "position": "1765634",
            "team": "home",
            "visibility": "visible"
        },
        {
            "gameTime": "2 - 30:03",
            "label": "Shots off target",
            "position": "1803369",
            "team": "home",
            "visibility": "visible"
        },
        {
            "gameTime": "2 - 30:04",
            "label": "Ball out of play",
            "position": "1804289",
            "team": "not applicable",
            "visibility": "visible"
        },
        {
            "gameTime": "2 - 30:32",
            "label": "Substitution",
            "position": "1832679",
            "team": "away",
            "visibility": "visible"
        },
        {
            "gameTime": "2 - 30:45",
            "label": "Clearance",
            "position": "1845670",
            "team": "away",
            "visibility": "not shown"
        },
        {
            "gameTime": "2 - 31:08",
            "label": "Ball out of play",
            "position": "1868374",
            "team": "not applicable",
            "visibility": "visible"
        },
        {
            "gameTime": "2 - 31:19",
            "label": "Throw-in",
            "position": "1879643",
            "team": "away",
            "visibility": "visible"
        },
        {
            "gameTime": "2 - 32:39",
            "label": "Ball out of play",
            "position": "1959865",
            "team": "not applicable",
            "visibility": "visible"
        },
        {
            "gameTime": "2 - 33:13",
            "label": "Clearance",
            "position": "1993295",
            "team": "away",
            "visibility": "not shown"
        },
        {
            "gameTime": "2 - 33:30",
            "label": "Ball out of play",
            "position": "2010425",
            "team": "not applicable",
            "visibility": "visible"
        },
        {
            "gameTime": "2 - 33:47",
            "label": "Throw-in",
            "position": "2027910",
            "team": "away",
            "visibility": "visible"
        },
        {
            "gameTime": "2 - 36:51",
            "label": "Foul",
            "position": "2211186",
            "team": "away",
            "visibility": "visible"
        },
        {
            "gameTime": "2 - 36:58",
            "label": "Indirect free-kick",
            "position": "2218458",
            "team": "home",
            "visibility": "visible"
        },
        {
            "gameTime": "2 - 39:04",
            "label": "Ball out of play",
            "position": "2344256",
            "team": "not applicable",
            "visibility": "visible"
        },
        {
            "gameTime": "2 - 39:30",
            "label": "Throw-in",
            "position": "2370250",
            "team": "home",
            "visibility": "visible"
        },
        {
            "gameTime": "2 - 40:22",
            "label": "Ball out of play",
            "position": "2422286",
            "team": "not applicable",
            "visibility": "visible"
        },
        {
            "gameTime": "2 - 40:30",
            "label": "Throw-in",
            "position": "2430718",
            "team": "away",
            "visibility": "visible"
        },
        {
            "gameTime": "2 - 41:24",
            "label": "Shots on target",
            "position": "2484695",
            "team": "home",
            "visibility": "visible"
        },
        {
            "gameTime": "2 - 41:27",
            "label": "Ball out of play",
            "position": "2487935",
            "team": "not applicable",
            "visibility": "visible"
        },
        {
            "gameTime": "2 - 41:47",
            "label": "Corner",
            "position": "2507270",
            "team": "home",
            "visibility": "not shown"
        },
        {
            "gameTime": "2 - 42:05",
            "label": "Shots on target",
            "position": "2525191",
            "team": "home",
            "visibility": "visible"
        },
        {
            "gameTime": "2 - 42:41",
            "label": "Shots off target",
            "position": "2561966",
            "team": "away",
            "visibility": "visible"
        },
        {
            "gameTime": "2 - 42:43",
            "label": "Ball out of play",
            "position": "2563970",
            "team": "not applicable",
            "visibility": "visible"
        },
        {
            "gameTime": "2 - 43:07",
            "label": "Substitution",
            "position": "2587237",
            "team": "home",
            "visibility": "not shown"
        },
        {
            "gameTime": "2 - 43:25",
            "label": "Clearance",
            "position": "2605123",
            "team": "home",
            "visibility": "not shown"
        },
        {
            "gameTime": "2 - 43:57",
            "label": "Ball out of play",
            "position": "2637382",
            "team": "not applicable",
            "visibility": "visible"
        },
        {
            "gameTime": "2 - 44:07",
            "label": "Throw-in",
            "position": "2647186",
            "team": "home",
            "visibility": "not shown"
        },
        {
            "gameTime": "2 - 44:09",
            "label": "Foul",
            "position": "2649708",
            "team": "home",
            "visibility": "visible"
        },
        {
            "gameTime": "2 - 44:26",
            "label": "Indirect free-kick",
            "position": "2666337",
            "team": "away",
            "visibility": "not shown"
        }
    ],
    "gameAwayTeam": "Watford",
    "gameDate": "29/08/2015 - 17:00",
    "gameHomeTeam": "Manchester City",
    "gameScore": "2 - 0"
}